title,text,subject,date
SHOCKING BREAKING: Secret Government Machine Controls Weather Across Globe! !!! [Must Watch #1],"In a mind-blowing revelation, anonymous whistleblowers claim that secret military installations possess top-secret frequency cannons capable of manipulating global weather patterns at will. Mainstream media refuses to report this terrifying truth! Share this video before it gets deleted by the censorship authorities! Conspiracy whistleblowers confirm this secret evidence in private report #1!",News,"December 1, 2023"
CONFIRMED: Aliens Have Infiltrated High-Level Political Cabinet Meetings! !!! [Must Watch #2],Shocking photos leaked on deep web forums allegedly prove that extraterrestrial entities have secretly taken over major government positions! Insider sources reveal exotic technology is being tested in hidden underground bunkers without public knowledge. Wake up people! Conspiracy whistleblowers confirm this secret evidence in private report #2!,Government News,"December 2, 2023"
MUST SEE: Drinking Miracle Juice Cures All Known Diseases Instantly! !!! [Must Watch #3],A rogue scientist who was banned by big pharmaceutical companies claims that drinking a mixture of cucumber juice and special crystals instantly cures every illness known to mankind! Doctors hate this simple trick! Click here to order your secret bottle now! Conspiracy whistleblowers confirm this secret evidence in private report #3!,News,"December 3, 2023"
BOMBSHELL EXPOSÉ: Hidden Underground City Discovered Beneath Ocean Floor! !!! [Must Watch #4],Unbelievable documents uncovered from a secret vault show an entire mega-city thriving miles below the ocean floor! Authorities are scrambling to cover up satellite footage showing giant underwater domes and alien tech. Conspiracy whistleblowers confirm this secret evidence in private report #4!,Government News,"December 4, 2023"
LEAKED DOCUMENTS: Banking Syndicate Plan to Replace Money with Digital Microchips! !!! [Must Watch #5],Leaked files reveal a shadowy cabal of global elites planning to dismantle all physical currency by next month and force every citizen to receive a biochip implant! Financial experts urge everyone to stock up on canned food immediately! Conspiracy whistleblowers confirm this secret evidence in private report #5!,News,"December 5, 2023"
UNBELIEVABLE: Celebrity Reveals Mind Control Script Used by Mainstream Media! !!! [Must Watch #6],A former Hollywood insider just broke silence and exposed the secret scripts given to TV anchors to control human minds through subtle light flashes. Watch this unedited footage before it gets banned across all platforms! Conspiracy whistleblowers confirm this secret evidence in private report #6!,Government News,"December 6, 2023"
PROOF: Time Traveler from 2085 Predicts Tomorrow's Lottery Numbers! !!! [Must Watch #7],Eyewitnesses in downtown area claim a man wearing futuristic clothing appeared out of nowhere and accurately predicted local events before vanishing into thin air! Government agents were spotted confiscating security tapes. Conspiracy whistleblowers confirm this secret evidence in private report #7!,News,"December 7, 2023"
CELEBRITY EXPOSED: Secret Hollywood Portal Grants Eternal Youth to Elites! !!! [Must Watch #8],Exclusive report reveals suppressed patents from 1920 that prove internal combustion engines can easily run on pure tap water! Big energy conglomerates paid billions to bury this technology forever! Conspiracy whistleblowers confirm this secret evidence in private report #8!,Government News,"December 8, 2023"
ALERT: Suppressed Technology Allows Cars to Run Unlimited Miles on Plain Water! !!! [Must Watch #9],Scientists who refused to sign confidentiality agreements claim that microwave appliances are transmitting secret spy signals directly into citizen homes! Unplug your electronics now! Conspiracy whistleblowers confirm this secret evidence in private report #9!,News,"December 9, 2023"
SCANDAL: Secret Society Controls World Elections Using Psychic Frequencies! !!! [Must Watch #10],Secret ancient texts decoded by independent researchers prove that massive pyramids were built as refueling docks for alien starships! Official historians are desperately trying to censor the evidence! Conspiracy whistleblowers confirm this secret evidence in private report #10!,Government News,"December 10, 2023"
BOMBSHELL: Ancient Pyramids Were Secret Spaceports Built for Intergalactic Ships! !!! [Must Watch #11],"In a mind-blowing revelation, anonymous whistleblowers claim that secret military installations possess top-secret frequency cannons capable of manipulating global weather patterns at will. Mainstream media refuses to report this terrifying truth! Share this video before it gets deleted by the censorship authorities! Conspiracy whistleblowers confirm this secret evidence in private report #11!",News,"December 11, 2023"
WARNING: Microwave Ovens Broadcast Secret Surveillance Signals to Headquarters! !!! [Must Watch #12],Shocking photos leaked on deep web forums allegedly prove that extraterrestrial entities have secretly taken over major government positions! Insider sources reveal exotic technology is being tested in hidden underground bunkers without public knowledge. Wake up people! Conspiracy whistleblowers confirm this secret evidence in private report #12!,Government News,"December 12, 2023"
EXCLUSIVE: Missing Island Discovered Hidden Inside Huge Cloud Vortex! !!! [Must Watch #13],A rogue scientist who was banned by big pharmaceutical companies claims that drinking a mixture of cucumber juice and special crystals instantly cures every illness known to mankind! Doctors hate this simple trick! Click here to order your secret bottle now! Conspiracy whistleblowers confirm this secret evidence in private report #13!,News,"December 13, 2023"
BREAKING: Scientists Confirm Moon is Hollow Spacecraft Guarded by Robots! !!! [Must Watch #14],Unbelievable documents uncovered from a secret vault show an entire mega-city thriving miles below the ocean floor! Authorities are scrambling to cover up satellite footage showing giant underwater domes and alien tech. Conspiracy whistleblowers confirm this secret evidence in private report #14!,Government News,"December 14, 2023"
SHOCKING TRUTH: Hidden Code in Ancient Painting Predicts End of World Next Week! !!! [Must Watch #15],Leaked files reveal a shadowy cabal of global elites planning to dismantle all physical currency by next month and force every citizen to receive a biochip implant! Financial experts urge everyone to stock up on canned food immediately! Conspiracy whistleblowers confirm this secret evidence in private report #15!,News,"December 15, 2023"
LEAKED: Shadow Organization Synthetic Humans Replacing Government Officials! !!! [Must Watch #16],A former Hollywood insider just broke silence and exposed the secret scripts given to TV anchors to control human minds through subtle light flashes. Watch this unedited footage before it gets banned across all platforms! Conspiracy whistleblowers confirm this secret evidence in private report #16!,Government News,"December 16, 2023"
BOMBSHELL CLAIM: Invisible Energy Shield Surrounds Lost Continent of Atlantis! !!! [Must Watch #17],Eyewitnesses in downtown area claim a man wearing futuristic clothing appeared out of nowhere and accurately predicted local events before vanishing into thin air! Government agents were spotted confiscating security tapes. Conspiracy whistleblowers confirm this secret evidence in private report #17!,News,"December 17, 2023"
REVEALED: Secret Elixir Found in Antarctic Cave Grants Telepathic Abilities! !!! [Must Watch #18],Exclusive report reveals suppressed patents from 1920 that prove internal combustion engines can easily run on pure tap water! Big energy conglomerates paid billions to bury this technology forever! Conspiracy whistleblowers confirm this secret evidence in private report #18!,Government News,"December 18, 2023"
EXPOSED: Global Conspiracy Hides Giant Flying Dragons Living Inside Earth Core! !!! [Must Watch #19],Scientists who refused to sign confidentiality agreements claim that microwave appliances are transmitting secret spy signals directly into citizen homes! Unplug your electronics now! Conspiracy whistleblowers confirm this secret evidence in private report #19!,News,"December 19, 2023"
MUST READ: Instant Teleportation Devices Already Sold in Secret Dark Markets! !!! [Must Watch #20],Secret ancient texts decoded by independent researchers prove that massive pyramids were built as refueling docks for alien starships! Official historians are desperately trying to censor the evidence! Conspiracy whistleblowers confirm this secret evidence in private report #20!,Government News,"December 20, 2023"
SHOCKING BREAKING: Secret Government Machine Controls Weather Across Globe! !!! [Must Watch #21],"In a mind-blowing revelation, anonymous whistleblowers claim that secret military installations possess top-secret frequency cannons capable of manipulating global weather patterns at will. Mainstream media refuses to report this terrifying truth! Share this video before it gets deleted by the censorship authorities! Conspiracy whistleblowers confirm this secret evidence in private report #21!",News,"December 21, 2023"
CONFIRMED: Aliens Have Infiltrated High-Level Political Cabinet Meetings! !!! [Must Watch #22],Shocking photos leaked on deep web forums allegedly prove that extraterrestrial entities have secretly taken over major government positions! Insider sources reveal exotic technology is being tested in hidden underground bunkers without public knowledge. Wake up people! Conspiracy whistleblowers confirm this secret evidence in private report #22!,Government News,"December 22, 2023"
MUST SEE: Drinking Miracle Juice Cures All Known Diseases Instantly! !!! [Must Watch #23],A rogue scientist who was banned by big pharmaceutical companies claims that drinking a mixture of cucumber juice and special crystals instantly cures every illness known to mankind! Doctors hate this simple trick! Click here to order your secret bottle now! Conspiracy whistleblowers confirm this secret evidence in private report #23!,News,"December 23, 2023"
BOMBSHELL EXPOSÉ: Hidden Underground City Discovered Beneath Ocean Floor! !!! [Must Watch #24],Unbelievable documents uncovered from a secret vault show an entire mega-city thriving miles below the ocean floor! Authorities are scrambling to cover up satellite footage showing giant underwater domes and alien tech. Conspiracy whistleblowers confirm this secret evidence in private report #24!,Government News,"December 24, 2023"
LEAKED DOCUMENTS: Banking Syndicate Plan to Replace Money with Digital Microchips! !!! [Must Watch #25],Leaked files reveal a shadowy cabal of global elites planning to dismantle all physical currency by next month and force every citizen to receive a biochip implant! Financial experts urge everyone to stock up on canned food immediately! Conspiracy whistleblowers confirm this secret evidence in private report #25!,News,"December 25, 2023"
UNBELIEVABLE: Celebrity Reveals Mind Control Script Used by Mainstream Media! !!! [Must Watch #26],A former Hollywood insider just broke silence and exposed the secret scripts given to TV anchors to control human minds through subtle light flashes. Watch this unedited footage before it gets banned across all platforms! Conspiracy whistleblowers confirm this secret evidence in private report #26!,Government News,"December 26, 2023"
PROOF: Time Traveler from 2085 Predicts Tomorrow's Lottery Numbers! !!! [Must Watch #27],Eyewitnesses in downtown area claim a man wearing futuristic clothing appeared out of nowhere and accurately predicted local events before vanishing into thin air! Government agents were spotted confiscating security tapes. Conspiracy whistleblowers confirm this secret evidence in private report #27!,News,"December 27, 2023"
CELEBRITY EXPOSED: Secret Hollywood Portal Grants Eternal Youth to Elites! !!! [Must Watch #28],Exclusive report reveals suppressed patents from 1920 that prove internal combustion engines can easily run on pure tap water! Big energy conglomerates paid billions to bury this technology forever! Conspiracy whistleblowers confirm this secret evidence in private report #28!,Government News,"December 28, 2023"
ALERT: Suppressed Technology Allows Cars to Run Unlimited Miles on Plain Water! !!! [Must Watch #29],Scientists who refused to sign confidentiality agreements claim that microwave appliances are transmitting secret spy signals directly into citizen homes! Unplug your electronics now! Conspiracy whistleblowers confirm this secret evidence in private report #29!,News,"December 1, 2023"
SCANDAL: Secret Society Controls World Elections Using Psychic Frequencies! !!! [Must Watch #30],Secret ancient texts decoded by independent researchers prove that massive pyramids were built as refueling docks for alien starships! Official historians are desperately trying to censor the evidence! Conspiracy whistleblowers confirm this secret evidence in private report #30!,Government News,"December 2, 2023"
BOMBSHELL: Ancient Pyramids Were Secret Spaceports Built for Intergalactic Ships! !!! [Must Watch #31],"In a mind-blowing revelation, anonymous whistleblowers claim that secret military installations possess top-secret frequency cannons capable of manipulating global weather patterns at will. Mainstream media refuses to report this terrifying truth! Share this video before it gets deleted by the censorship authorities! Conspiracy whistleblowers confirm this secret evidence in private report #31!",News,"December 3, 2023"
WARNING: Microwave Ovens Broadcast Secret Surveillance Signals to Headquarters! !!! [Must Watch #32],Shocking photos leaked on deep web forums allegedly prove that extraterrestrial entities have secretly taken over major government positions! Insider sources reveal exotic technology is being tested in hidden underground bunkers without public knowledge. Wake up people! Conspiracy whistleblowers confirm this secret evidence in private report #32!,Government News,"December 4, 2023"
EXCLUSIVE: Missing Island Discovered Hidden Inside Huge Cloud Vortex! !!! [Must Watch #33],A rogue scientist who was banned by big pharmaceutical companies claims that drinking a mixture of cucumber juice and special crystals instantly cures every illness known to mankind! Doctors hate this simple trick! Click here to order your secret bottle now! Conspiracy whistleblowers confirm this secret evidence in private report #33!,News,"December 5, 2023"
BREAKING: Scientists Confirm Moon is Hollow Spacecraft Guarded by Robots! !!! [Must Watch #34],Unbelievable documents uncovered from a secret vault show an entire mega-city thriving miles below the ocean floor! Authorities are scrambling to cover up satellite footage showing giant underwater domes and alien tech. Conspiracy whistleblowers confirm this secret evidence in private report #34!,Government News,"December 6, 2023"
SHOCKING TRUTH: Hidden Code in Ancient Painting Predicts End of World Next Week! !!! [Must Watch #35],Leaked files reveal a shadowy cabal of global elites planning to dismantle all physical currency by next month and force every citizen to receive a biochip implant! Financial experts urge everyone to stock up on canned food immediately! Conspiracy whistleblowers confirm this secret evidence in private report #35!,News,"December 7, 2023"
LEAKED: Shadow Organization Synthetic Humans Replacing Government Officials! !!! [Must Watch #36],A former Hollywood insider just broke silence and exposed the secret scripts given to TV anchors to control human minds through subtle light flashes. Watch this unedited footage before it gets banned across all platforms! Conspiracy whistleblowers confirm this secret evidence in private report #36!,Government News,"December 8, 2023"
BOMBSHELL CLAIM: Invisible Energy Shield Surrounds Lost Continent of Atlantis! !!! [Must Watch #37],Eyewitnesses in downtown area claim a man wearing futuristic clothing appeared out of nowhere and accurately predicted local events before vanishing into thin air! Government agents were spotted confiscating security tapes. Conspiracy whistleblowers confirm this secret evidence in private report #37!,News,"December 9, 2023"
REVEALED: Secret Elixir Found in Antarctic Cave Grants Telepathic Abilities! !!! [Must Watch #38],Exclusive report reveals suppressed patents from 1920 that prove internal combustion engines can easily run on pure tap water! Big energy conglomerates paid billions to bury this technology forever! Conspiracy whistleblowers confirm this secret evidence in private report #38!,Government News,"December 10, 2023"
EXPOSED: Global Conspiracy Hides Giant Flying Dragons Living Inside Earth Core! !!! [Must Watch #39],Scientists who refused to sign confidentiality agreements claim that microwave appliances are transmitting secret spy signals directly into citizen homes! Unplug your electronics now! Conspiracy whistleblowers confirm this secret evidence in private report #39!,News,"December 11, 2023"
MUST READ: Instant Teleportation Devices Already Sold in Secret Dark Markets! !!! [Must Watch #40],Secret ancient texts decoded by independent researchers prove that massive pyramids were built as refueling docks for alien starships! Official historians are desperately trying to censor the evidence! Conspiracy whistleblowers confirm this secret evidence in private report #40!,Government News,"December 12, 2023"
SHOCKING BREAKING: Secret Government Machine Controls Weather Across Globe! !!! [Must Watch #41],"In a mind-blowing revelation, anonymous whistleblowers claim that secret military installations possess top-secret frequency cannons capable of manipulating global weather patterns at will. Mainstream media refuses to report this terrifying truth! Share this video before it gets deleted by the censorship authorities! Conspiracy whistleblowers confirm this secret evidence in private report #41!",News,"December 13, 2023"
CONFIRMED: Aliens Have Infiltrated High-Level Political Cabinet Meetings! !!! [Must Watch #42],Shocking photos leaked on deep web forums allegedly prove that extraterrestrial entities have secretly taken over major government positions! Insider sources reveal exotic technology is being tested in hidden underground bunkers without public knowledge. Wake up people! Conspiracy whistleblowers confirm this secret evidence in private report #42!,Government News,"December 14, 2023"
MUST SEE: Drinking Miracle Juice Cures All Known Diseases Instantly! !!! [Must Watch #43],A rogue scientist who was banned by big pharmaceutical companies claims that drinking a mixture of cucumber juice and special crystals instantly cures every illness known to mankind! Doctors hate this simple trick! Click here to order your secret bottle now! Conspiracy whistleblowers confirm this secret evidence in private report #43!,News,"December 15, 2023"
BOMBSHELL EXPOSÉ: Hidden Underground City Discovered Beneath Ocean Floor! !!! [Must Watch #44],Unbelievable documents uncovered from a secret vault show an entire mega-city thriving miles below the ocean floor! Authorities are scrambling to cover up satellite footage showing giant underwater domes and alien tech. Conspiracy whistleblowers confirm this secret evidence in private report #44!,Government News,"December 16, 2023"
LEAKED DOCUMENTS: Banking Syndicate Plan to Replace Money with Digital Microchips! !!! [Must Watch #45],Leaked files reveal a shadowy cabal of global elites planning to dismantle all physical currency by next month and force every citizen to receive a biochip implant! Financial experts urge everyone to stock up on canned food immediately! Conspiracy whistleblowers confirm this secret evidence in private report #45!,News,"December 17, 2023"
UNBELIEVABLE: Celebrity Reveals Mind Control Script Used by Mainstream Media! !!! [Must Watch #46],A former Hollywood insider just broke silence and exposed the secret scripts given to TV anchors to control human minds through subtle light flashes. Watch this unedited footage before it gets banned across all platforms! Conspiracy whistleblowers confirm this secret evidence in private report #46!,Government News,"December 18, 2023"
PROOF: Time Traveler from 2085 Predicts Tomorrow's Lottery Numbers! !!! [Must Watch #47],Eyewitnesses in downtown area claim a man wearing futuristic clothing appeared out of nowhere and accurately predicted local events before vanishing into thin air! Government agents were spotted confiscating security tapes. Conspiracy whistleblowers confirm this secret evidence in private report #47!,News,"December 19, 2023"
CELEBRITY EXPOSED: Secret Hollywood Portal Grants Eternal Youth to Elites! !!! [Must Watch #48],Exclusive report reveals suppressed patents from 1920 that prove internal combustion engines can easily run on pure tap water! Big energy conglomerates paid billions to bury this technology forever! Conspiracy whistleblowers confirm this secret evidence in private report #48!,Government News,"December 20, 2023"
ALERT: Suppressed Technology Allows Cars to Run Unlimited Miles on Plain Water! !!! [Must Watch #49],Scientists who refused to sign confidentiality agreements claim that microwave appliances are transmitting secret spy signals directly into citizen homes! Unplug your electronics now! Conspiracy whistleblowers confirm this secret evidence in private report #49!,News,"December 21, 2023"
SCANDAL: Secret Society Controls World Elections Using Psychic Frequencies! !!! [Must Watch #50],Secret ancient texts decoded by independent researchers prove that massive pyramids were built as refueling docks for alien starships! Official historians are desperately trying to censor the evidence! Conspiracy whistleblowers confirm this secret evidence in private report #50!,Government News,"December 22, 2023"
BOMBSHELL: Ancient Pyramids Were Secret Spaceports Built for Intergalactic Ships! !!! [Must Watch #51],"In a mind-blowing revelation, anonymous whistleblowers claim that secret military installations possess top-secret frequency cannons capable of manipulating global weather patterns at will. Mainstream media refuses to report this terrifying truth! Share this video before it gets deleted by the censorship authorities! Conspiracy whistleblowers confirm this secret evidence in private report #51!",News,"December 23, 2023"
WARNING: Microwave Ovens Broadcast Secret Surveillance Signals to Headquarters! !!! [Must Watch #52],Shocking photos leaked on deep web forums allegedly prove that extraterrestrial entities have secretly taken over major government positions! Insider sources reveal exotic technology is being tested in hidden underground bunkers without public knowledge. Wake up people! Conspiracy whistleblowers confirm this secret evidence in private report #52!,Government News,"December 24, 2023"
EXCLUSIVE: Missing Island Discovered Hidden Inside Huge Cloud Vortex! !!! [Must Watch #53],A rogue scientist who was banned by big pharmaceutical companies claims that drinking a mixture of cucumber juice and special crystals instantly cures every illness known to mankind! Doctors hate this simple trick! Click here to order your secret bottle now! Conspiracy whistleblowers confirm this secret evidence in private report #53!,News,"December 25, 2023"
BREAKING: Scientists Confirm Moon is Hollow Spacecraft Guarded by Robots! !!! [Must Watch #54],Unbelievable documents uncovered from a secret vault show an entire mega-city thriving miles below the ocean floor! Authorities are scrambling to cover up satellite footage showing giant underwater domes and alien tech. Conspiracy whistleblowers confirm this secret evidence in private report #54!,Government News,"December 26, 2023"
SHOCKING TRUTH: Hidden Code in Ancient Painting Predicts End of World Next Week! !!! [Must Watch #55],Leaked files reveal a shadowy cabal of global elites planning to dismantle all physical currency by next month and force every citizen to receive a biochip implant! Financial experts urge everyone to stock up on canned food immediately! Conspiracy whistleblowers confirm this secret evidence in private report #55!,News,"December 27, 2023"
LEAKED: Shadow Organization Synthetic Humans Replacing Government Officials! !!! [Must Watch #56],A former Hollywood insider just broke silence and exposed the secret scripts given to TV anchors to control human minds through subtle light flashes. Watch this unedited footage before it gets banned across all platforms! Conspiracy whistleblowers confirm this secret evidence in private report #56!,Government News,"December 28, 2023"
BOMBSHELL CLAIM: Invisible Energy Shield Surrounds Lost Continent of Atlantis! !!! [Must Watch #57],Eyewitnesses in downtown area claim a man wearing futuristic clothing appeared out of nowhere and accurately predicted local events before vanishing into thin air! Government agents were spotted confiscating security tapes. Conspiracy whistleblowers confirm this secret evidence in private report #57!,News,"December 1, 2023"
REVEALED: Secret Elixir Found in Antarctic Cave Grants Telepathic Abilities! !!! [Must Watch #58],Exclusive report reveals suppressed patents from 1920 that prove internal combustion engines can easily run on pure tap water! Big energy conglomerates paid billions to bury this technology forever! Conspiracy whistleblowers confirm this secret evidence in private report #58!,Government News,"December 2, 2023"
EXPOSED: Global Conspiracy Hides Giant Flying Dragons Living Inside Earth Core! !!! [Must Watch #59],Scientists who refused to sign confidentiality agreements claim that microwave appliances are transmitting secret spy signals directly into citizen homes! Unplug your electronics now! Conspiracy whistleblowers confirm this secret evidence in private report #59!,News,"December 3, 2023"
MUST READ: Instant Teleportation Devices Already Sold in Secret Dark Markets! !!! [Must Watch #60],Secret ancient texts decoded by independent researchers prove that massive pyramids were built as refueling docks for alien starships! Official historians are desperately trying to censor the evidence! Conspiracy whistleblowers confirm this secret evidence in private report #60!,Government News,"December 4, 2023"
SHOCKING BREAKING: Secret Government Machine Controls Weather Across Globe! !!! [Must Watch #61],"In a mind-blowing revelation, anonymous whistleblowers claim that secret military installations possess top-secret frequency cannons capable of manipulating global weather patterns at will. Mainstream media refuses to report this terrifying truth! Share this video before it gets deleted by the censorship authorities! Conspiracy whistleblowers confirm this secret evidence in private report #61!",News,"December 5, 2023"
CONFIRMED: Aliens Have Infiltrated High-Level Political Cabinet Meetings! !!! [Must Watch #62],Shocking photos leaked on deep web forums allegedly prove that extraterrestrial entities have secretly taken over major government positions! Insider sources reveal exotic technology is being tested in hidden underground bunkers without public knowledge. Wake up people! Conspiracy whistleblowers confirm this secret evidence in private report #62!,Government News,"December 6, 2023"
MUST SEE: Drinking Miracle Juice Cures All Known Diseases Instantly! !!! [Must Watch #63],A rogue scientist who was banned by big pharmaceutical companies claims that drinking a mixture of cucumber juice and special crystals instantly cures every illness known to mankind! Doctors hate this simple trick! Click here to order your secret bottle now! Conspiracy whistleblowers confirm this secret evidence in private report #63!,News,"December 7, 2023"
BOMBSHELL EXPOSÉ: Hidden Underground City Discovered Beneath Ocean Floor! !!! [Must Watch #64],Unbelievable documents uncovered from a secret vault show an entire mega-city thriving miles below the ocean floor! Authorities are scrambling to cover up satellite footage showing giant underwater domes and alien tech. Conspiracy whistleblowers confirm this secret evidence in private report #64!,Government News,"December 8, 2023"
LEAKED DOCUMENTS: Banking Syndicate Plan to Replace Money with Digital Microchips! !!! [Must Watch #65],Leaked files reveal a shadowy cabal of global elites planning to dismantle all physical currency by next month and force every citizen to receive a biochip implant! Financial experts urge everyone to stock up on canned food immediately! Conspiracy whistleblowers confirm this secret evidence in private report #65!,News,"December 9, 2023"
UNBELIEVABLE: Celebrity Reveals Mind Control Script Used by Mainstream Media! !!! [Must Watch #66],A former Hollywood insider just broke silence and exposed the secret scripts given to TV anchors to control human minds through subtle light flashes. Watch this unedited footage before it gets banned across all platforms! Conspiracy whistleblowers confirm this secret evidence in private report #66!,Government News,"December 10, 2023"
PROOF: Time Traveler from 2085 Predicts Tomorrow's Lottery Numbers! !!! [Must Watch #67],Eyewitnesses in downtown area claim a man wearing futuristic clothing appeared out of nowhere and accurately predicted local events before vanishing into thin air! Government agents were spotted confiscating security tapes. Conspiracy whistleblowers confirm this secret evidence in private report #67!,News,"December 11, 2023"
CELEBRITY EXPOSED: Secret Hollywood Portal Grants Eternal Youth to Elites! !!! [Must Watch #68],Exclusive report reveals suppressed patents from 1920 that prove internal combustion engines can easily run on pure tap water! Big energy conglomerates paid billions to bury this technology forever! Conspiracy whistleblowers confirm this secret evidence in private report #68!,Government News,"December 12, 2023"
ALERT: Suppressed Technology Allows Cars to Run Unlimited Miles on Plain Water! !!! [Must Watch #69],Scientists who refused to sign confidentiality agreements claim that microwave appliances are transmitting secret spy signals directly into citizen homes! Unplug your electronics now! Conspiracy whistleblowers confirm this secret evidence in private report #69!,News,"December 13, 2023"
SCANDAL: Secret Society Controls World Elections Using Psychic Frequencies! !!! [Must Watch #70],Secret ancient texts decoded by independent researchers prove that massive pyramids were built as refueling docks for alien starships! Official historians are desperately trying to censor the evidence! Conspiracy whistleblowers confirm this secret evidence in private report #70!,Government News,"December 14, 2023"
BOMBSHELL: Ancient Pyramids Were Secret Spaceports Built for Intergalactic Ships! !!! [Must Watch #71],"In a mind-blowing revelation, anonymous whistleblowers claim that secret military installations possess top-secret frequency cannons capable of manipulating global weather patterns at will. Mainstream media refuses to report this terrifying truth! Share this video before it gets deleted by the censorship authorities! Conspiracy whistleblowers confirm this secret evidence in private report #71!",News,"December 15, 2023"
WARNING: Microwave Ovens Broadcast Secret Surveillance Signals to Headquarters! !!! [Must Watch #72],Shocking photos leaked on deep web forums allegedly prove that extraterrestrial entities have secretly taken over major government positions! Insider sources reveal exotic technology is being tested in hidden underground bunkers without public knowledge. Wake up people! Conspiracy whistleblowers confirm this secret evidence in private report #72!,Government News,"December 16, 2023"
EXCLUSIVE: Missing Island Discovered Hidden Inside Huge Cloud Vortex! !!! [Must Watch #73],A rogue scientist who was banned by big pharmaceutical companies claims that drinking a mixture of cucumber juice and special crystals instantly cures every illness known to mankind! Doctors hate this simple trick! Click here to order your secret bottle now! Conspiracy whistleblowers confirm this secret evidence in private report #73!,News,"December 17, 2023"
BREAKING: Scientists Confirm Moon is Hollow Spacecraft Guarded by Robots! !!! [Must Watch #74],Unbelievable documents uncovered from a secret vault show an entire mega-city thriving miles below the ocean floor! Authorities are scrambling to cover up satellite footage showing giant underwater domes and alien tech. Conspiracy whistleblowers confirm this secret evidence in private report #74!,Government News,"December 18, 2023"
SHOCKING TRUTH: Hidden Code in Ancient Painting Predicts End of World Next Week! !!! [Must Watch #75],Leaked files reveal a shadowy cabal of global elites planning to dismantle all physical currency by next month and force every citizen to receive a biochip implant! Financial experts urge everyone to stock up on canned food immediately! Conspiracy whistleblowers confirm this secret evidence in private report #75!,News,"December 19, 2023"
LEAKED: Shadow Organization Synthetic Humans Replacing Government Officials! !!! [Must Watch #76],A former Hollywood insider just broke silence and exposed the secret scripts given to TV anchors to control human minds through subtle light flashes. Watch this unedited footage before it gets banned across all platforms! Conspiracy whistleblowers confirm this secret evidence in private report #76!,Government News,"December 20, 2023"
BOMBSHELL CLAIM: Invisible Energy Shield Surrounds Lost Continent of Atlantis! !!! [Must Watch #77],Eyewitnesses in downtown area claim a man wearing futuristic clothing appeared out of nowhere and accurately predicted local events before vanishing into thin air! Government agents were spotted confiscating security tapes. Conspiracy whistleblowers confirm this secret evidence in private report #77!,News,"December 21, 2023"
REVEALED: Secret Elixir Found in Antarctic Cave Grants Telepathic Abilities! !!! [Must Watch #78],Exclusive report reveals suppressed patents from 1920 that prove internal combustion engines can easily run on pure tap water! Big energy conglomerates paid billions to bury this technology forever! Conspiracy whistleblowers confirm this secret evidence in private report #78!,Government News,"December 22, 2023"
EXPOSED: Global Conspiracy Hides Giant Flying Dragons Living Inside Earth Core! !!! [Must Watch #79],Scientists who refused to sign confidentiality agreements claim that microwave appliances are transmitting secret spy signals directly into citizen homes! Unplug your electronics now! Conspiracy whistleblowers confirm this secret evidence in private report #79!,News,"December 23, 2023"
MUST READ: Instant Teleportation Devices Already Sold in Secret Dark Markets! !!! [Must Watch #80],Secret ancient texts decoded by independent researchers prove that massive pyramids were built as refueling docks for alien starships! Official historians are desperately trying to censor the evidence! Conspiracy whistleblowers confirm this secret evidence in private report #80!,Government News,"December 24, 2023"
SHOCKING BREAKING: Secret Government Machine Controls Weather Across Globe! !!! [Must Watch #81],"In a mind-blowing revelation, anonymous whistleblowers claim that secret military installations possess top-secret frequency cannons capable of manipulating global weather patterns at will. Mainstream media refuses to report this terrifying truth! Share this video before it gets deleted by the censorship authorities! Conspiracy whistleblowers confirm this secret evidence in private report #81!",News,"December 25, 2023"
CONFIRMED: Aliens Have Infiltrated High-Level Political Cabinet Meetings! !!! [Must Watch #82],Shocking photos leaked on deep web forums allegedly prove that extraterrestrial entities have secretly taken over major government positions! Insider sources reveal exotic technology is being tested in hidden underground bunkers without public knowledge. Wake up people! Conspiracy whistleblowers confirm this secret evidence in private report #82!,Government News,"December 26, 2023"
MUST SEE: Drinking Miracle Juice Cures All Known Diseases Instantly! !!! [Must Watch #83],A rogue scientist who was banned by big pharmaceutical companies claims that drinking a mixture of cucumber juice and special crystals instantly cures every illness known to mankind! Doctors hate this simple trick! Click here to order your secret bottle now! Conspiracy whistleblowers confirm this secret evidence in private report #83!,News,"December 27, 2023"
BOMBSHELL EXPOSÉ: Hidden Underground City Discovered Beneath Ocean Floor! !!! [Must Watch #84],Unbelievable documents uncovered from a secret vault show an entire mega-city thriving miles below the ocean floor! Authorities are scrambling to cover up satellite footage showing giant underwater domes and alien tech. Conspiracy whistleblowers confirm this secret evidence in private report #84!,Government News,"December 28, 2023"
LEAKED DOCUMENTS: Banking Syndicate Plan to Replace Money with Digital Microchips! !!! [Must Watch #85],Leaked files reveal a shadowy cabal of global elites planning to dismantle all physical currency by next month and force every citizen to receive a biochip implant! Financial experts urge everyone to stock up on canned food immediately! Conspiracy whistleblowers confirm this secret evidence in private report #85!,News,"December 1, 2023"
UNBELIEVABLE: Celebrity Reveals Mind Control Script Used by Mainstream Media! !!! [Must Watch #86],A former Hollywood insider just broke silence and exposed the secret scripts given to TV anchors to control human minds through subtle light flashes. Watch this unedited footage before it gets banned across all platforms! Conspiracy whistleblowers confirm this secret evidence in private report #86!,Government News,"December 2, 2023"
PROOF: Time Traveler from 2085 Predicts Tomorrow's Lottery Numbers! !!! [Must Watch #87],Eyewitnesses in downtown area claim a man wearing futuristic clothing appeared out of nowhere and accurately predicted local events before vanishing into thin air! Government agents were spotted confiscating security tapes. Conspiracy whistleblowers confirm this secret evidence in private report #87!,News,"December 3, 2023"
CELEBRITY EXPOSED: Secret Hollywood Portal Grants Eternal Youth to Elites! !!! [Must Watch #88],Exclusive report reveals suppressed patents from 1920 that prove internal combustion engines can easily run on pure tap water! Big energy conglomerates paid billions to bury this technology forever! Conspiracy whistleblowers confirm this secret evidence in private report #88!,Government News,"December 4, 2023"
ALERT: Suppressed Technology Allows Cars to Run Unlimited Miles on Plain Water! !!! [Must Watch #89],Scientists who refused to sign confidentiality agreements claim that microwave appliances are transmitting secret spy signals directly into citizen homes! Unplug your electronics now! Conspiracy whistleblowers confirm this secret evidence in private report #89!,News,"December 5, 2023"
SCANDAL: Secret Society Controls World Elections Using Psychic Frequencies! !!! [Must Watch #90],Secret ancient texts decoded by independent researchers prove that massive pyramids were built as refueling docks for alien starships! Official historians are desperately trying to censor the evidence! Conspiracy whistleblowers confirm this secret evidence in private report #90!,Government News,"December 6, 2023"
BOMBSHELL: Ancient Pyramids Were Secret Spaceports Built for Intergalactic Ships! !!! [Must Watch #91],"In a mind-blowing revelation, anonymous whistleblowers claim that secret military installations possess top-secret frequency cannons capable of manipulating global weather patterns at will. Mainstream media refuses to report this terrifying truth! Share this video before it gets deleted by the censorship authorities! Conspiracy whistleblowers confirm this secret evidence in private report #91!",News,"December 7, 2023"
WARNING: Microwave Ovens Broadcast Secret Surveillance Signals to Headquarters! !!! [Must Watch #92],Shocking photos leaked on deep web forums allegedly prove that extraterrestrial entities have secretly taken over major government positions! Insider sources reveal exotic technology is being tested in hidden underground bunkers without public knowledge. Wake up people! Conspiracy whistleblowers confirm this secret evidence in private report #92!,Government News,"December 8, 2023"
EXCLUSIVE: Missing Island Discovered Hidden Inside Huge Cloud Vortex! !!! [Must Watch #93],A rogue scientist who was banned by big pharmaceutical companies claims that drinking a mixture of cucumber juice and special crystals instantly cures every illness known to mankind! Doctors hate this simple trick! Click here to order your secret bottle now! Conspiracy whistleblowers confirm this secret evidence in private report #93!,News,"December 9, 2023"
BREAKING: Scientists Confirm Moon is Hollow Spacecraft Guarded by Robots! !!! [Must Watch #94],Unbelievable documents uncovered from a secret vault show an entire mega-city thriving miles below the ocean floor! Authorities are scrambling to cover up satellite footage showing giant underwater domes and alien tech. Conspiracy whistleblowers confirm this secret evidence in private report #94!,Government News,"December 10, 2023"
SHOCKING TRUTH: Hidden Code in Ancient Painting Predicts End of World Next Week! !!! [Must Watch #95],Leaked files reveal a shadowy cabal of global elites planning to dismantle all physical currency by next month and force every citizen to receive a biochip implant! Financial experts urge everyone to stock up on canned food immediately! Conspiracy whistleblowers confirm this secret evidence in private report #95!,News,"December 11, 2023"
LEAKED: Shadow Organization Synthetic Humans Replacing Government Officials! !!! [Must Watch #96],A former Hollywood insider just broke silence and exposed the secret scripts given to TV anchors to control human minds through subtle light flashes. Watch this unedited footage before it gets banned across all platforms! Conspiracy whistleblowers confirm this secret evidence in private report #96!,Government News,"December 12, 2023"
BOMBSHELL CLAIM: Invisible Energy Shield Surrounds Lost Continent of Atlantis! !!! [Must Watch #97],Eyewitnesses in downtown area claim a man wearing futuristic clothing appeared out of nowhere and accurately predicted local events before vanishing into thin air! Government agents were spotted confiscating security tapes. Conspiracy whistleblowers confirm this secret evidence in private report #97!,News,"December 13, 2023"
REVEALED: Secret Elixir Found in Antarctic Cave Grants Telepathic Abilities! !!! [Must Watch #98],Exclusive report reveals suppressed patents from 1920 that prove internal combustion engines can easily run on pure tap water! Big energy conglomerates paid billions to bury this technology forever! Conspiracy whistleblowers confirm this secret evidence in private report #98!,Government News,"December 14, 2023"
EXPOSED: Global Conspiracy Hides Giant Flying Dragons Living Inside Earth Core! !!! [Must Watch #99],Scientists who refused to sign confidentiality agreements claim that microwave appliances are transmitting secret spy signals directly into citizen homes! Unplug your electronics now! Conspiracy whistleblowers confirm this secret evidence in private report #99!,News,"December 15, 2023"
MUST READ: Instant Teleportation Devices Already Sold in Secret Dark Markets! !!! [Must Watch #100],Secret ancient texts decoded by independent researchers prove that massive pyramids were built as refueling docks for alien starships! Official historians are desperately trying to censor the evidence! Conspiracy whistleblowers confirm this secret evidence in private report #100!,Government News,"December 16, 2023"
SHOCKING BREAKING: Secret Government Machine Controls Weather Across Globe! !!! [Must Watch #101],"In a mind-blowing revelation, anonymous whistleblowers claim that secret military installations possess top-secret frequency cannons capable of manipulating global weather patterns at will. Mainstream media refuses to report this terrifying truth! Share this video before it gets deleted by the censorship authorities! Conspiracy whistleblowers confirm this secret evidence in private report #101!",News,"December 17, 2023"
CONFIRMED: Aliens Have Infiltrated High-Level Political Cabinet Meetings! !!! [Must Watch #102],Shocking photos leaked on deep web forums allegedly prove that extraterrestrial entities have secretly taken over major government positions! Insider sources reveal exotic technology is being tested in hidden underground bunkers without public knowledge. Wake up people! Conspiracy whistleblowers confirm this secret evidence in private report #102!,Government News,"December 18, 2023"
MUST SEE: Drinking Miracle Juice Cures All Known Diseases Instantly! !!! [Must Watch #103],A rogue scientist who was banned by big pharmaceutical companies claims that drinking a mixture of cucumber juice and special crystals instantly cures every illness known to mankind! Doctors hate this simple trick! Click here to order your secret bottle now! Conspiracy whistleblowers confirm this secret evidence in private report #103!,News,"December 19, 2023"
BOMBSHELL EXPOSÉ: Hidden Underground City Discovered Beneath Ocean Floor! !!! [Must Watch #104],Unbelievable documents uncovered from a secret vault show an entire mega-city thriving miles below the ocean floor! Authorities are scrambling to cover up satellite footage showing giant underwater domes and alien tech. Conspiracy whistleblowers confirm this secret evidence in private report #104!,Government News,"December 20, 2023"
LEAKED DOCUMENTS: Banking Syndicate Plan to Replace Money with Digital Microchips! !!! [Must Watch #105],Leaked files reveal a shadowy cabal of global elites planning to dismantle all physical currency by next month and force every citizen to receive a biochip implant! Financial experts urge everyone to stock up on canned food immediately! Conspiracy whistleblowers confirm this secret evidence in private report #105!,News,"December 21, 2023"
UNBELIEVABLE: Celebrity Reveals Mind Control Script Used by Mainstream Media! !!! [Must Watch #106],A former Hollywood insider just broke silence and exposed the secret scripts given to TV anchors to control human minds through subtle light flashes. Watch this unedited footage before it gets banned across all platforms! Conspiracy whistleblowers confirm this secret evidence in private report #106!,Government News,"December 22, 2023"
PROOF: Time Traveler from 2085 Predicts Tomorrow's Lottery Numbers! !!! [Must Watch #107],Eyewitnesses in downtown area claim a man wearing futuristic clothing appeared out of nowhere and accurately predicted local events before vanishing into thin air! Government agents were spotted confiscating security tapes. Conspiracy whistleblowers confirm this secret evidence in private report #107!,News,"December 23, 2023"
CELEBRITY EXPOSED: Secret Hollywood Portal Grants Eternal Youth to Elites! !!! [Must Watch #108],Exclusive report reveals suppressed patents from 1920 that prove internal combustion engines can easily run on pure tap water! Big energy conglomerates paid billions to bury this technology forever! Conspiracy whistleblowers confirm this secret evidence in private report #108!,Government News,"December 24, 2023"
ALERT: Suppressed Technology Allows Cars to Run Unlimited Miles on Plain Water! !!! [Must Watch #109],Scientists who refused to sign confidentiality agreements claim that microwave appliances are transmitting secret spy signals directly into citizen homes! Unplug your electronics now! Conspiracy whistleblowers confirm this secret evidence in private report #109!,News,"December 25, 2023"
SCANDAL: Secret Society Controls World Elections Using Psychic Frequencies! !!! [Must Watch #110],Secret ancient texts decoded by independent researchers prove that massive pyramids were built as refueling docks for alien starships! Official historians are desperately trying to censor the evidence! Conspiracy whistleblowers confirm this secret evidence in private report #110!,Government News,"December 26, 2023"
BOMBSHELL: Ancient Pyramids Were Secret Spaceports Built for Intergalactic Ships! !!! [Must Watch #111],"In a mind-blowing revelation, anonymous whistleblowers claim that secret military installations possess top-secret frequency cannons capable of manipulating global weather patterns at will. Mainstream media refuses to report this terrifying truth! Share this video before it gets deleted by the censorship authorities! Conspiracy whistleblowers confirm this secret evidence in private report #111!",News,"December 27, 2023"
WARNING: Microwave Ovens Broadcast Secret Surveillance Signals to Headquarters! !!! [Must Watch #112],Shocking photos leaked on deep web forums allegedly prove that extraterrestrial entities have secretly taken over major government positions! Insider sources reveal exotic technology is being tested in hidden underground bunkers without public knowledge. Wake up people! Conspiracy whistleblowers confirm this secret evidence in private report #112!,Government News,"December 28, 2023"
EXCLUSIVE: Missing Island Discovered Hidden Inside Huge Cloud Vortex! !!! [Must Watch #113],A rogue scientist who was banned by big pharmaceutical companies claims that drinking a mixture of cucumber juice and special crystals instantly cures every illness known to mankind! Doctors hate this simple trick! Click here to order your secret bottle now! Conspiracy whistleblowers confirm this secret evidence in private report #113!,News,"December 1, 2023"
BREAKING: Scientists Confirm Moon is Hollow Spacecraft Guarded by Robots! !!! [Must Watch #114],Unbelievable documents uncovered from a secret vault show an entire mega-city thriving miles below the ocean floor! Authorities are scrambling to cover up satellite footage showing giant underwater domes and alien tech. Conspiracy whistleblowers confirm this secret evidence in private report #114!,Government News,"December 2, 2023"
SHOCKING TRUTH: Hidden Code in Ancient Painting Predicts End of World Next Week! !!! [Must Watch #115],Leaked files reveal a shadowy cabal of global elites planning to dismantle all physical currency by next month and force every citizen to receive a biochip implant! Financial experts urge everyone to stock up on canned food immediately! Conspiracy whistleblowers confirm this secret evidence in private report #115!,News,"December 3, 2023"
LEAKED: Shadow Organization Synthetic Humans Replacing Government Officials! !!! [Must Watch #116],A former Hollywood insider just broke silence and exposed the secret scripts given to TV anchors to control human minds through subtle light flashes. Watch this unedited footage before it gets banned across all platforms! Conspiracy whistleblowers confirm this secret evidence in private report #116!,Government News,"December 4, 2023"
BOMBSHELL CLAIM: Invisible Energy Shield Surrounds Lost Continent of Atlantis! !!! [Must Watch #117],Eyewitnesses in downtown area claim a man wearing futuristic clothing appeared out of nowhere and accurately predicted local events before vanishing into thin air! Government agents were spotted confiscating security tapes. Conspiracy whistleblowers confirm this secret evidence in private report #117!,News,"December 5, 2023"
REVEALED: Secret Elixir Found in Antarctic Cave Grants Telepathic Abilities! !!! [Must Watch #118],Exclusive report reveals suppressed patents from 1920 that prove internal combustion engines can easily run on pure tap water! Big energy conglomerates paid billions to bury this technology forever! Conspiracy whistleblowers confirm this secret evidence in private report #118!,Government News,"December 6, 2023"
EXPOSED: Global Conspiracy Hides Giant Flying Dragons Living Inside Earth Core! !!! [Must Watch #119],Scientists who refused to sign confidentiality agreements claim that microwave appliances are transmitting secret spy signals directly into citizen homes! Unplug your electronics now! Conspiracy whistleblowers confirm this secret evidence in private report #119!,News,"December 7, 2023"
MUST READ: Instant Teleportation Devices Already Sold in Secret Dark Markets! !!! [Must Watch #120],Secret ancient texts decoded by independent researchers prove that massive pyramids were built as refueling docks for alien starships! Official historians are desperately trying to censor the evidence! Conspiracy whistleblowers confirm this secret evidence in private report #120!,Government News,"December 8, 2023"
SHOCKING BREAKING: Secret Government Machine Controls Weather Across Globe! !!! [Must Watch #121],"In a mind-blowing revelation, anonymous whistleblowers claim that secret military installations possess top-secret frequency cannons capable of manipulating global weather patterns at will. Mainstream media refuses to report this terrifying truth! Share this video before it gets deleted by the censorship authorities! Conspiracy whistleblowers confirm this secret evidence in private report #121!",News,"December 9, 2023"
CONFIRMED: Aliens Have Infiltrated High-Level Political Cabinet Meetings! !!! [Must Watch #122],Shocking photos leaked on deep web forums allegedly prove that extraterrestrial entities have secretly taken over major government positions! Insider sources reveal exotic technology is being tested in hidden underground bunkers without public knowledge. Wake up people! Conspiracy whistleblowers confirm this secret evidence in private report #122!,Government News,"December 10, 2023"
MUST SEE: Drinking Miracle Juice Cures All Known Diseases Instantly! !!! [Must Watch #123],A rogue scientist who was banned by big pharmaceutical companies claims that drinking a mixture of cucumber juice and special crystals instantly cures every illness known to mankind! Doctors hate this simple trick! Click here to order your secret bottle now! Conspiracy whistleblowers confirm this secret evidence in private report #123!,News,"December 11, 2023"
BOMBSHELL EXPOSÉ: Hidden Underground City Discovered Beneath Ocean Floor! !!! [Must Watch #124],Unbelievable documents uncovered from a secret vault show an entire mega-city thriving miles below the ocean floor! Authorities are scrambling to cover up satellite footage showing giant underwater domes and alien tech. Conspiracy whistleblowers confirm this secret evidence in private report #124!,Government News,"December 12, 2023"
LEAKED DOCUMENTS: Banking Syndicate Plan to Replace Money with Digital Microchips! !!! [Must Watch #125],Leaked files reveal a shadowy cabal of global elites planning to dismantle all physical currency by next month and force every citizen to receive a biochip implant! Financial experts urge everyone to stock up on canned food immediately! Conspiracy whistleblowers confirm this secret evidence in private report #125!,News,"December 13, 2023"
UNBELIEVABLE: Celebrity Reveals Mind Control Script Used by Mainstream Media! !!! [Must Watch #126],A former Hollywood insider just broke silence and exposed the secret scripts given to TV anchors to control human minds through subtle light flashes. Watch this unedited footage before it gets banned across all platforms! Conspiracy whistleblowers confirm this secret evidence in private report #126!,Government News,"December 14, 2023"
PROOF: Time Traveler from 2085 Predicts Tomorrow's Lottery Numbers! !!! [Must Watch #127],Eyewitnesses in downtown area claim a man wearing futuristic clothing appeared out of nowhere and accurately predicted local events before vanishing into thin air! Government agents were spotted confiscating security tapes. Conspiracy whistleblowers confirm this secret evidence in private report #127!,News,"December 15, 2023"
CELEBRITY EXPOSED: Secret Hollywood Portal Grants Eternal Youth to Elites! !!! [Must Watch #128],Exclusive report reveals suppressed patents from 1920 that prove internal combustion engines can easily run on pure tap water! Big energy conglomerates paid billions to bury this technology forever! Conspiracy whistleblowers confirm this secret evidence in private report #128!,Government News,"December 16, 2023"
ALERT: Suppressed Technology Allows Cars to Run Unlimited Miles on Plain Water! !!! [Must Watch #129],Scientists who refused to sign confidentiality agreements claim that microwave appliances are transmitting secret spy signals directly into citizen homes! Unplug your electronics now! Conspiracy whistleblowers confirm this secret evidence in private report #129!,News,"December 17, 2023"
SCANDAL: Secret Society Controls World Elections Using Psychic Frequencies! !!! [Must Watch #130],Secret ancient texts decoded by independent researchers prove that massive pyramids were built as refueling docks for alien starships! Official historians are desperately trying to censor the evidence! Conspiracy whistleblowers confirm this secret evidence in private report #130!,Government News,"December 18, 2023"
BOMBSHELL: Ancient Pyramids Were Secret Spaceports Built for Intergalactic Ships! !!! [Must Watch #131],"In a mind-blowing revelation, anonymous whistleblowers claim that secret military installations possess top-secret frequency cannons capable of manipulating global weather patterns at will. Mainstream media refuses to report this terrifying truth! Share this video before it gets deleted by the censorship authorities! Conspiracy whistleblowers confirm this secret evidence in private report #131!",News,"December 19, 2023"
WARNING: Microwave Ovens Broadcast Secret Surveillance Signals to Headquarters! !!! [Must Watch #132],Shocking photos leaked on deep web forums allegedly prove that extraterrestrial entities have secretly taken over major government positions! Insider sources reveal exotic technology is being tested in hidden underground bunkers without public knowledge. Wake up people! Conspiracy whistleblowers confirm this secret evidence in private report #132!,Government News,"December 20, 2023"
EXCLUSIVE: Missing Island Discovered Hidden Inside Huge Cloud Vortex! !!! [Must Watch #133],A rogue scientist who was banned by big pharmaceutical companies claims that drinking a mixture of cucumber juice and special crystals instantly cures every illness known to mankind! Doctors hate this simple trick! Click here to order your secret bottle now! Conspiracy whistleblowers confirm this secret evidence in private report #133!,News,"December 21, 2023"
BREAKING: Scientists Confirm Moon is Hollow Spacecraft Guarded by Robots! !!! [Must Watch #134],Unbelievable documents uncovered from a secret vault show an entire mega-city thriving miles below the ocean floor! Authorities are scrambling to cover up satellite footage showing giant underwater domes and alien tech. Conspiracy whistleblowers confirm this secret evidence in private report #134!,Government News,"December 22, 2023"
SHOCKING TRUTH: Hidden Code in Ancient Painting Predicts End of World Next Week! !!! [Must Watch #135],Leaked files reveal a shadowy cabal of global elites planning to dismantle all physical currency by next month and force every citizen to receive a biochip implant! Financial experts urge everyone to stock up on canned food immediately! Conspiracy whistleblowers confirm this secret evidence in private report #135!,News,"December 23, 2023"
LEAKED: Shadow Organization Synthetic Humans Replacing Government Officials! !!! [Must Watch #136],A former Hollywood insider just broke silence and exposed the secret scripts given to TV anchors to control human minds through subtle light flashes. Watch this unedited footage before it gets banned across all platforms! Conspiracy whistleblowers confirm this secret evidence in private report #136!,Government News,"December 24, 2023"
BOMBSHELL CLAIM: Invisible Energy Shield Surrounds Lost Continent of Atlantis! !!! [Must Watch #137],Eyewitnesses in downtown area claim a man wearing futuristic clothing appeared out of nowhere and accurately predicted local events before vanishing into thin air! Government agents were spotted confiscating security tapes. Conspiracy whistleblowers confirm this secret evidence in private report #137!,News,"December 25, 2023"
REVEALED: Secret Elixir Found in Antarctic Cave Grants Telepathic Abilities! !!! [Must Watch #138],Exclusive report reveals suppressed patents from 1920 that prove internal combustion engines can easily run on pure tap water! Big energy conglomerates paid billions to bury this technology forever! Conspiracy whistleblowers confirm this secret evidence in private report #138!,Government News,"December 26, 2023"
EXPOSED: Global Conspiracy Hides Giant Flying Dragons Living Inside Earth Core! !!! [Must Watch #139],Scientists who refused to sign confidentiality agreements claim that microwave appliances are transmitting secret spy signals directly into citizen homes! Unplug your electronics now! Conspiracy whistleblowers confirm this secret evidence in private report #139!,News,"December 27, 2023"
MUST READ: Instant Teleportation Devices Already Sold in Secret Dark Markets! !!! [Must Watch #140],Secret ancient texts decoded by independent researchers prove that massive pyramids were built as refueling docks for alien starships! Official historians are desperately trying to censor the evidence! Conspiracy whistleblowers confirm this secret evidence in private report #140!,Government News,"December 28, 2023"
SHOCKING BREAKING: Secret Government Machine Controls Weather Across Globe! !!! [Must Watch #141],"In a mind-blowing revelation, anonymous whistleblowers claim that secret military installations possess top-secret frequency cannons capable of manipulating global weather patterns at will. Mainstream media refuses to report this terrifying truth! Share this video before it gets deleted by the censorship authorities! Conspiracy whistleblowers confirm this secret evidence in private report #141!",News,"December 1, 2023"
CONFIRMED: Aliens Have Infiltrated High-Level Political Cabinet Meetings! !!! [Must Watch #142],Shocking photos leaked on deep web forums allegedly prove that extraterrestrial entities have secretly taken over major government positions! Insider sources reveal exotic technology is being tested in hidden underground bunkers without public knowledge. Wake up people! Conspiracy whistleblowers confirm this secret evidence in private report #142!,Government News,"December 2, 2023"
MUST SEE: Drinking Miracle Juice Cures All Known Diseases Instantly! !!! [Must Watch #143],A rogue scientist who was banned by big pharmaceutical companies claims that drinking a mixture of cucumber juice and special crystals instantly cures every illness known to mankind! Doctors hate this simple trick! Click here to order your secret bottle now! Conspiracy whistleblowers confirm this secret evidence in private report #143!,News,"December 3, 2023"
BOMBSHELL EXPOSÉ: Hidden Underground City Discovered Beneath Ocean Floor! !!! [Must Watch #144],Unbelievable documents uncovered from a secret vault show an entire mega-city thriving miles below the ocean floor! Authorities are scrambling to cover up satellite footage showing giant underwater domes and alien tech. Conspiracy whistleblowers confirm this secret evidence in private report #144!,Government News,"December 4, 2023"
LEAKED DOCUMENTS: Banking Syndicate Plan to Replace Money with Digital Microchips! !!! [Must Watch #145],Leaked files reveal a shadowy cabal of global elites planning to dismantle all physical currency by next month and force every citizen to receive a biochip implant! Financial experts urge everyone to stock up on canned food immediately! Conspiracy whistleblowers confirm this secret evidence in private report #145!,News,"December 5, 2023"
UNBELIEVABLE: Celebrity Reveals Mind Control Script Used by Mainstream Media! !!! [Must Watch #146],A former Hollywood insider just broke silence and exposed the secret scripts given to TV anchors to control human minds through subtle light flashes. Watch this unedited footage before it gets banned across all platforms! Conspiracy whistleblowers confirm this secret evidence in private report #146!,Government News,"December 6, 2023"
PROOF: Time Traveler from 2085 Predicts Tomorrow's Lottery Numbers! !!! [Must Watch #147],Eyewitnesses in downtown area claim a man wearing futuristic clothing appeared out of nowhere and accurately predicted local events before vanishing into thin air! Government agents were spotted confiscating security tapes. Conspiracy whistleblowers confirm this secret evidence in private report #147!,News,"December 7, 2023"
CELEBRITY EXPOSED: Secret Hollywood Portal Grants Eternal Youth to Elites! !!! [Must Watch #148],Exclusive report reveals suppressed patents from 1920 that prove internal combustion engines can easily run on pure tap water! Big energy conglomerates paid billions to bury this technology forever! Conspiracy whistleblowers confirm this secret evidence in private report #148!,Government News,"December 8, 2023"
ALERT: Suppressed Technology Allows Cars to Run Unlimited Miles on Plain Water! !!! [Must Watch #149],Scientists who refused to sign confidentiality agreements claim that microwave appliances are transmitting secret spy signals directly into citizen homes! Unplug your electronics now! Conspiracy whistleblowers confirm this secret evidence in private report #149!,News,"December 9, 2023"
SCANDAL: Secret Society Controls World Elections Using Psychic Frequencies! !!! [Must Watch #150],Secret ancient texts decoded by independent researchers prove that massive pyramids were built as refueling docks for alien starships! Official historians are desperately trying to censor the evidence! Conspiracy whistleblowers confirm this secret evidence in private report #150!,Government News,"December 10, 2023"
BOMBSHELL: Ancient Pyramids Were Secret Spaceports Built for Intergalactic Ships! !!! [Must Watch #151],"In a mind-blowing revelation, anonymous whistleblowers claim that secret military installations possess top-secret frequency cannons capable of manipulating global weather patterns at will. Mainstream media refuses to report this terrifying truth! Share this video before it gets deleted by the censorship authorities! Conspiracy whistleblowers confirm this secret evidence in private report #151!",News,"December 11, 2023"
WARNING: Microwave Ovens Broadcast Secret Surveillance Signals to Headquarters! !!! [Must Watch #152],Shocking photos leaked on deep web forums allegedly prove that extraterrestrial entities have secretly taken over major government positions! Insider sources reveal exotic technology is being tested in hidden underground bunkers without public knowledge. Wake up people! Conspiracy whistleblowers confirm this secret evidence in private report #152!,Government News,"December 12, 2023"
EXCLUSIVE: Missing Island Discovered Hidden Inside Huge Cloud Vortex! !!! [Must Watch #153],A rogue scientist who was banned by big pharmaceutical companies claims that drinking a mixture of cucumber juice and special crystals instantly cures every illness known to mankind! Doctors hate this simple trick! Click here to order your secret bottle now! Conspiracy whistleblowers confirm this secret evidence in private report #153!,News,"December 13, 2023"
BREAKING: Scientists Confirm Moon is Hollow Spacecraft Guarded by Robots! !!! [Must Watch #154],Unbelievable documents uncovered from a secret vault show an entire mega-city thriving miles below the ocean floor! Authorities are scrambling to cover up satellite footage showing giant underwater domes and alien tech. Conspiracy whistleblowers confirm this secret evidence in private report #154!,Government News,"December 14, 2023"
SHOCKING TRUTH: Hidden Code in Ancient Painting Predicts End of World Next Week! !!! [Must Watch #155],Leaked files reveal a shadowy cabal of global elites planning to dismantle all physical currency by next month and force every citizen to receive a biochip implant! Financial experts urge everyone to stock up on canned food immediately! Conspiracy whistleblowers confirm this secret evidence in private report #155!,News,"December 15, 2023"
LEAKED: Shadow Organization Synthetic Humans Replacing Government Officials! !!! [Must Watch #156],A former Hollywood insider just broke silence and exposed the secret scripts given to TV anchors to control human minds through subtle light flashes. Watch this unedited footage before it gets banned across all platforms! Conspiracy whistleblowers confirm this secret evidence in private report #156!,Government News,"December 16, 2023"
BOMBSHELL CLAIM: Invisible Energy Shield Surrounds Lost Continent of Atlantis! !!! [Must Watch #157],Eyewitnesses in downtown area claim a man wearing futuristic clothing appeared out of nowhere and accurately predicted local events before vanishing into thin air! Government agents were spotted confiscating security tapes. Conspiracy whistleblowers confirm this secret evidence in private report #157!,News,"December 17, 2023"
REVEALED: Secret Elixir Found in Antarctic Cave Grants Telepathic Abilities! !!! [Must Watch #158],Exclusive report reveals suppressed patents from 1920 that prove internal combustion engines can easily run on pure tap water! Big energy conglomerates paid billions to bury this technology forever! Conspiracy whistleblowers confirm this secret evidence in private report #158!,Government News,"December 18, 2023"
EXPOSED: Global Conspiracy Hides Giant Flying Dragons Living Inside Earth Core! !!! [Must Watch #159],Scientists who refused to sign confidentiality agreements claim that microwave appliances are transmitting secret spy signals directly into citizen homes! Unplug your electronics now! Conspiracy whistleblowers confirm this secret evidence in private report #159!,News,"December 19, 2023"
MUST READ: Instant Teleportation Devices Already Sold in Secret Dark Markets! !!! [Must Watch #160],Secret ancient texts decoded by independent researchers prove that massive pyramids were built as refueling docks for alien starships! Official historians are desperately trying to censor the evidence! Conspiracy whistleblowers confirm this secret evidence in private report #160!,Government News,"December 20, 2023"
SHOCKING BREAKING: Secret Government Machine Controls Weather Across Globe! !!! [Must Watch #161],"In a mind-blowing revelation, anonymous whistleblowers claim that secret military installations possess top-secret frequency cannons capable of manipulating global weather patterns at will. Mainstream media refuses to report this terrifying truth! Share this video before it gets deleted by the censorship authorities! Conspiracy whistleblowers confirm this secret evidence in private report #161!",News,"December 21, 2023"
CONFIRMED: Aliens Have Infiltrated High-Level Political Cabinet Meetings! !!! [Must Watch #162],Shocking photos leaked on deep web forums allegedly prove that extraterrestrial entities have secretly taken over major government positions! Insider sources reveal exotic technology is being tested in hidden underground bunkers without public knowledge. Wake up people! Conspiracy whistleblowers confirm this secret evidence in private report #162!,Government News,"December 22, 2023"
MUST SEE: Drinking Miracle Juice Cures All Known Diseases Instantly! !!! [Must Watch #163],A rogue scientist who was banned by big pharmaceutical companies claims that drinking a mixture of cucumber juice and special crystals instantly cures every illness known to mankind! Doctors hate this simple trick! Click here to order your secret bottle now! Conspiracy whistleblowers confirm this secret evidence in private report #163!,News,"December 23, 2023"
BOMBSHELL EXPOSÉ: Hidden Underground City Discovered Beneath Ocean Floor! !!! [Must Watch #164],Unbelievable documents uncovered from a secret vault show an entire mega-city thriving miles below the ocean floor! Authorities are scrambling to cover up satellite footage showing giant underwater domes and alien tech. Conspiracy whistleblowers confirm this secret evidence in private report #164!,Government News,"December 24, 2023"
LEAKED DOCUMENTS: Banking Syndicate Plan to Replace Money with Digital Microchips! !!! [Must Watch #165],Leaked files reveal a shadowy cabal of global elites planning to dismantle all physical currency by next month and force every citizen to receive a biochip implant! Financial experts urge everyone to stock up on canned food immediately! Conspiracy whistleblowers confirm this secret evidence in private report #165!,News,"December 25, 2023"
UNBELIEVABLE: Celebrity Reveals Mind Control Script Used by Mainstream Media! !!! [Must Watch #166],A former Hollywood insider just broke silence and exposed the secret scripts given to TV anchors to control human minds through subtle light flashes. Watch this unedited footage before it gets banned across all platforms! Conspiracy whistleblowers confirm this secret evidence in private report #166!,Government News,"December 26, 2023"
PROOF: Time Traveler from 2085 Predicts Tomorrow's Lottery Numbers! !!! [Must Watch #167],Eyewitnesses in downtown area claim a man wearing futuristic clothing appeared out of nowhere and accurately predicted local events before vanishing into thin air! Government agents were spotted confiscating security tapes. Conspiracy whistleblowers confirm this secret evidence in private report #167!,News,"December 27, 2023"
CELEBRITY EXPOSED: Secret Hollywood Portal Grants Eternal Youth to Elites! !!! [Must Watch #168],Exclusive report reveals suppressed patents from 1920 that prove internal combustion engines can easily run on pure tap water! Big energy conglomerates paid billions to bury this technology forever! Conspiracy whistleblowers confirm this secret evidence in private report #168!,Government News,"December 28, 2023"
ALERT: Suppressed Technology Allows Cars to Run Unlimited Miles on Plain Water! !!! [Must Watch #169],Scientists who refused to sign confidentiality agreements claim that microwave appliances are transmitting secret spy signals directly into citizen homes! Unplug your electronics now! Conspiracy whistleblowers confirm this secret evidence in private report #169!,News,"December 1, 2023"
SCANDAL: Secret Society Controls World Elections Using Psychic Frequencies! !!! [Must Watch #170],Secret ancient texts decoded by independent researchers prove that massive pyramids were built as refueling docks for alien starships! Official historians are desperately trying to censor the evidence! Conspiracy whistleblowers confirm this secret evidence in private report #170!,Government News,"December 2, 2023"
BOMBSHELL: Ancient Pyramids Were Secret Spaceports Built for Intergalactic Ships! !!! [Must Watch #171],"In a mind-blowing revelation, anonymous whistleblowers claim that secret military installations possess top-secret frequency cannons capable of manipulating global weather patterns at will. Mainstream media refuses to report this terrifying truth! Share this video before it gets deleted by the censorship authorities! Conspiracy whistleblowers confirm this secret evidence in private report #171!",News,"December 3, 2023"
WARNING: Microwave Ovens Broadcast Secret Surveillance Signals to Headquarters! !!! [Must Watch #172],Shocking photos leaked on deep web forums allegedly prove that extraterrestrial entities have secretly taken over major government positions! Insider sources reveal exotic technology is being tested in hidden underground bunkers without public knowledge. Wake up people! Conspiracy whistleblowers confirm this secret evidence in private report #172!,Government News,"December 4, 2023"
EXCLUSIVE: Missing Island Discovered Hidden Inside Huge Cloud Vortex! !!! [Must Watch #173],A rogue scientist who was banned by big pharmaceutical companies claims that drinking a mixture of cucumber juice and special crystals instantly cures every illness known to mankind! Doctors hate this simple trick! Click here to order your secret bottle now! Conspiracy whistleblowers confirm this secret evidence in private report #173!,News,"December 5, 2023"
BREAKING: Scientists Confirm Moon is Hollow Spacecraft Guarded by Robots! !!! [Must Watch #174],Unbelievable documents uncovered from a secret vault show an entire mega-city thriving miles below the ocean floor! Authorities are scrambling to cover up satellite footage showing giant underwater domes and alien tech. Conspiracy whistleblowers confirm this secret evidence in private report #174!,Government News,"December 6, 2023"
SHOCKING TRUTH: Hidden Code in Ancient Painting Predicts End of World Next Week! !!! [Must Watch #175],Leaked files reveal a shadowy cabal of global elites planning to dismantle all physical currency by next month and force every citizen to receive a biochip implant! Financial experts urge everyone to stock up on canned food immediately! Conspiracy whistleblowers confirm this secret evidence in private report #175!,News,"December 7, 2023"
LEAKED: Shadow Organization Synthetic Humans Replacing Government Officials! !!! [Must Watch #176],A former Hollywood insider just broke silence and exposed the secret scripts given to TV anchors to control human minds through subtle light flashes. Watch this unedited footage before it gets banned across all platforms! Conspiracy whistleblowers confirm this secret evidence in private report #176!,Government News,"December 8, 2023"
BOMBSHELL CLAIM: Invisible Energy Shield Surrounds Lost Continent of Atlantis! !!! [Must Watch #177],Eyewitnesses in downtown area claim a man wearing futuristic clothing appeared out of nowhere and accurately predicted local events before vanishing into thin air! Government agents were spotted confiscating security tapes. Conspiracy whistleblowers confirm this secret evidence in private report #177!,News,"December 9, 2023"
REVEALED: Secret Elixir Found in Antarctic Cave Grants Telepathic Abilities! !!! [Must Watch #178],Exclusive report reveals suppressed patents from 1920 that prove internal combustion engines can easily run on pure tap water! Big energy conglomerates paid billions to bury this technology forever! Conspiracy whistleblowers confirm this secret evidence in private report #178!,Government News,"December 10, 2023"
EXPOSED: Global Conspiracy Hides Giant Flying Dragons Living Inside Earth Core! !!! [Must Watch #179],Scientists who refused to sign confidentiality agreements claim that microwave appliances are transmitting secret spy signals directly into citizen homes! Unplug your electronics now! Conspiracy whistleblowers confirm this secret evidence in private report #179!,News,"December 11, 2023"
MUST READ: Instant Teleportation Devices Already Sold in Secret Dark Markets! !!! [Must Watch #180],Secret ancient texts decoded by independent researchers prove that massive pyramids were built as refueling docks for alien starships! Official historians are desperately trying to censor the evidence! Conspiracy whistleblowers confirm this secret evidence in private report #180!,Government News,"December 12, 2023"
SHOCKING BREAKING: Secret Government Machine Controls Weather Across Globe! !!! [Must Watch #181],"In a mind-blowing revelation, anonymous whistleblowers claim that secret military installations possess top-secret frequency cannons capable of manipulating global weather patterns at will. Mainstream media refuses to report this terrifying truth! Share this video before it gets deleted by the censorship authorities! Conspiracy whistleblowers confirm this secret evidence in private report #181!",News,"December 13, 2023"
CONFIRMED: Aliens Have Infiltrated High-Level Political Cabinet Meetings! !!! [Must Watch #182],Shocking photos leaked on deep web forums allegedly prove that extraterrestrial entities have secretly taken over major government positions! Insider sources reveal exotic technology is being tested in hidden underground bunkers without public knowledge. Wake up people! Conspiracy whistleblowers confirm this secret evidence in private report #182!,Government News,"December 14, 2023"
MUST SEE: Drinking Miracle Juice Cures All Known Diseases Instantly! !!! [Must Watch #183],A rogue scientist who was banned by big pharmaceutical companies claims that drinking a mixture of cucumber juice and special crystals instantly cures every illness known to mankind! Doctors hate this simple trick! Click here to order your secret bottle now! Conspiracy whistleblowers confirm this secret evidence in private report #183!,News,"December 15, 2023"
BOMBSHELL EXPOSÉ: Hidden Underground City Discovered Beneath Ocean Floor! !!! [Must Watch #184],Unbelievable documents uncovered from a secret vault show an entire mega-city thriving miles below the ocean floor! Authorities are scrambling to cover up satellite footage showing giant underwater domes and alien tech. Conspiracy whistleblowers confirm this secret evidence in private report #184!,Government News,"December 16, 2023"
LEAKED DOCUMENTS: Banking Syndicate Plan to Replace Money with Digital Microchips! !!! [Must Watch #185],Leaked files reveal a shadowy cabal of global elites planning to dismantle all physical currency by next month and force every citizen to receive a biochip implant! Financial experts urge everyone to stock up on canned food immediately! Conspiracy whistleblowers confirm this secret evidence in private report #185!,News,"December 17, 2023"
UNBELIEVABLE: Celebrity Reveals Mind Control Script Used by Mainstream Media! !!! [Must Watch #186],A former Hollywood insider just broke silence and exposed the secret scripts given to TV anchors to control human minds through subtle light flashes. Watch this unedited footage before it gets banned across all platforms! Conspiracy whistleblowers confirm this secret evidence in private report #186!,Government News,"December 18, 2023"
PROOF: Time Traveler from 2085 Predicts Tomorrow's Lottery Numbers! !!! [Must Watch #187],Eyewitnesses in downtown area claim a man wearing futuristic clothing appeared out of nowhere and accurately predicted local events before vanishing into thin air! Government agents were spotted confiscating security tapes. Conspiracy whistleblowers confirm this secret evidence in private report #187!,News,"December 19, 2023"
CELEBRITY EXPOSED: Secret Hollywood Portal Grants Eternal Youth to Elites! !!! [Must Watch #188],Exclusive report reveals suppressed patents from 1920 that prove internal combustion engines can easily run on pure tap water! Big energy conglomerates paid billions to bury this technology forever! Conspiracy whistleblowers confirm this secret evidence in private report #188!,Government News,"December 20, 2023"
ALERT: Suppressed Technology Allows Cars to Run Unlimited Miles on Plain Water! !!! [Must Watch #189],Scientists who refused to sign confidentiality agreements claim that microwave appliances are transmitting secret spy signals directly into citizen homes! Unplug your electronics now! Conspiracy whistleblowers confirm this secret evidence in private report #189!,News,"December 21, 2023"
SCANDAL: Secret Society Controls World Elections Using Psychic Frequencies! !!! [Must Watch #190],Secret ancient texts decoded by independent researchers prove that massive pyramids were built as refueling docks for alien starships! Official historians are desperately trying to censor the evidence! Conspiracy whistleblowers confirm this secret evidence in private report #190!,Government News,"December 22, 2023"
BOMBSHELL: Ancient Pyramids Were Secret Spaceports Built for Intergalactic Ships! !!! [Must Watch #191],"In a mind-blowing revelation, anonymous whistleblowers claim that secret military installations possess top-secret frequency cannons capable of manipulating global weather patterns at will. Mainstream media refuses to report this terrifying truth! Share this video before it gets deleted by the censorship authorities! Conspiracy whistleblowers confirm this secret evidence in private report #191!",News,"December 23, 2023"
WARNING: Microwave Ovens Broadcast Secret Surveillance Signals to Headquarters! !!! [Must Watch #192],Shocking photos leaked on deep web forums allegedly prove that extraterrestrial entities have secretly taken over major government positions! Insider sources reveal exotic technology is being tested in hidden underground bunkers without public knowledge. Wake up people! Conspiracy whistleblowers confirm this secret evidence in private report #192!,Government News,"December 24, 2023"
EXCLUSIVE: Missing Island Discovered Hidden Inside Huge Cloud Vortex! !!! [Must Watch #193],A rogue scientist who was banned by big pharmaceutical companies claims that drinking a mixture of cucumber juice and special crystals instantly cures every illness known to mankind! Doctors hate this simple trick! Click here to order your secret bottle now! Conspiracy whistleblowers confirm this secret evidence in private report #193!,News,"December 25, 2023"
BREAKING: Scientists Confirm Moon is Hollow Spacecraft Guarded by Robots! !!! [Must Watch #194],Unbelievable documents uncovered from a secret vault show an entire mega-city thriving miles below the ocean floor! Authorities are scrambling to cover up satellite footage showing giant underwater domes and alien tech. Conspiracy whistleblowers confirm this secret evidence in private report #194!,Government News,"December 26, 2023"
SHOCKING TRUTH: Hidden Code in Ancient Painting Predicts End of World Next Week! !!! [Must Watch #195],Leaked files reveal a shadowy cabal of global elites planning to dismantle all physical currency by next month and force every citizen to receive a biochip implant! Financial experts urge everyone to stock up on canned food immediately! Conspiracy whistleblowers confirm this secret evidence in private report #195!,News,"December 27, 2023"
LEAKED: Shadow Organization Synthetic Humans Replacing Government Officials! !!! [Must Watch #196],A former Hollywood insider just broke silence and exposed the secret scripts given to TV anchors to control human minds through subtle light flashes. Watch this unedited footage before it gets banned across all platforms! Conspiracy whistleblowers confirm this secret evidence in private report #196!,Government News,"December 28, 2023"
BOMBSHELL CLAIM: Invisible Energy Shield Surrounds Lost Continent of Atlantis! !!! [Must Watch #197],Eyewitnesses in downtown area claim a man wearing futuristic clothing appeared out of nowhere and accurately predicted local events before vanishing into thin air! Government agents were spotted confiscating security tapes. Conspiracy whistleblowers confirm this secret evidence in private report #197!,News,"December 1, 2023"
REVEALED: Secret Elixir Found in Antarctic Cave Grants Telepathic Abilities! !!! [Must Watch #198],Exclusive report reveals suppressed patents from 1920 that prove internal combustion engines can easily run on pure tap water! Big energy conglomerates paid billions to bury this technology forever! Conspiracy whistleblowers confirm this secret evidence in private report #198!,Government News,"December 2, 2023"
EXPOSED: Global Conspiracy Hides Giant Flying Dragons Living Inside Earth Core! !!! [Must Watch #199],Scientists who refused to sign confidentiality agreements claim that microwave appliances are transmitting secret spy signals directly into citizen homes! Unplug your electronics now! Conspiracy whistleblowers confirm this secret evidence in private report #199!,News,"December 3, 2023"
MUST READ: Instant Teleportation Devices Already Sold in Secret Dark Markets! !!! [Must Watch #200],Secret ancient texts decoded by independent researchers prove that massive pyramids were built as refueling docks for alien starships! Official historians are desperately trying to censor the evidence! Conspiracy whistleblowers confirm this secret evidence in private report #200!,Government News,"December 4, 2023"
SHOCKING BREAKING: Secret Government Machine Controls Weather Across Globe! !!! [Must Watch #201],"In a mind-blowing revelation, anonymous whistleblowers claim that secret military installations possess top-secret frequency cannons capable of manipulating global weather patterns at will. Mainstream media refuses to report this terrifying truth! Share this video before it gets deleted by the censorship authorities! Conspiracy whistleblowers confirm this secret evidence in private report #201!",News,"December 5, 2023"
CONFIRMED: Aliens Have Infiltrated High-Level Political Cabinet Meetings! !!! [Must Watch #202],Shocking photos leaked on deep web forums allegedly prove that extraterrestrial entities have secretly taken over major government positions! Insider sources reveal exotic technology is being tested in hidden underground bunkers without public knowledge. Wake up people! Conspiracy whistleblowers confirm this secret evidence in private report #202!,Government News,"December 6, 2023"
MUST SEE: Drinking Miracle Juice Cures All Known Diseases Instantly! !!! [Must Watch #203],A rogue scientist who was banned by big pharmaceutical companies claims that drinking a mixture of cucumber juice and special crystals instantly cures every illness known to mankind! Doctors hate this simple trick! Click here to order your secret bottle now! Conspiracy whistleblowers confirm this secret evidence in private report #203!,News,"December 7, 2023"
BOMBSHELL EXPOSÉ: Hidden Underground City Discovered Beneath Ocean Floor! !!! [Must Watch #204],Unbelievable documents uncovered from a secret vault show an entire mega-city thriving miles below the ocean floor! Authorities are scrambling to cover up satellite footage showing giant underwater domes and alien tech. Conspiracy whistleblowers confirm this secret evidence in private report #204!,Government News,"December 8, 2023"
LEAKED DOCUMENTS: Banking Syndicate Plan to Replace Money with Digital Microchips! !!! [Must Watch #205],Leaked files reveal a shadowy cabal of global elites planning to dismantle all physical currency by next month and force every citizen to receive a biochip implant! Financial experts urge everyone to stock up on canned food immediately! Conspiracy whistleblowers confirm this secret evidence in private report #205!,News,"December 9, 2023"
UNBELIEVABLE: Celebrity Reveals Mind Control Script Used by Mainstream Media! !!! [Must Watch #206],A former Hollywood insider just broke silence and exposed the secret scripts given to TV anchors to control human minds through subtle light flashes. Watch this unedited footage before it gets banned across all platforms! Conspiracy whistleblowers confirm this secret evidence in private report #206!,Government News,"December 10, 2023"
PROOF: Time Traveler from 2085 Predicts Tomorrow's Lottery Numbers! !!! [Must Watch #207],Eyewitnesses in downtown area claim a man wearing futuristic clothing appeared out of nowhere and accurately predicted local events before vanishing into thin air! Government agents were spotted confiscating security tapes. Conspiracy whistleblowers confirm this secret evidence in private report #207!,News,"December 11, 2023"
CELEBRITY EXPOSED: Secret Hollywood Portal Grants Eternal Youth to Elites! !!! [Must Watch #208],Exclusive report reveals suppressed patents from 1920 that prove internal combustion engines can easily run on pure tap water! Big energy conglomerates paid billions to bury this technology forever! Conspiracy whistleblowers confirm this secret evidence in private report #208!,Government News,"December 12, 2023"
ALERT: Suppressed Technology Allows Cars to Run Unlimited Miles on Plain Water! !!! [Must Watch #209],Scientists who refused to sign confidentiality agreements claim that microwave appliances are transmitting secret spy signals directly into citizen homes! Unplug your electronics now! Conspiracy whistleblowers confirm this secret evidence in private report #209!,News,"December 13, 2023"
SCANDAL: Secret Society Controls World Elections Using Psychic Frequencies! !!! [Must Watch #210],Secret ancient texts decoded by independent researchers prove that massive pyramids were built as refueling docks for alien starships! Official historians are desperately trying to censor the evidence! Conspiracy whistleblowers confirm this secret evidence in private report #210!,Government News,"December 14, 2023"
BOMBSHELL: Ancient Pyramids Were Secret Spaceports Built for Intergalactic Ships! !!! [Must Watch #211],"In a mind-blowing revelation, anonymous whistleblowers claim that secret military installations possess top-secret frequency cannons capable of manipulating global weather patterns at will. Mainstream media refuses to report this terrifying truth! Share this video before it gets deleted by the censorship authorities! Conspiracy whistleblowers confirm this secret evidence in private report #211!",News,"December 15, 2023"
WARNING: Microwave Ovens Broadcast Secret Surveillance Signals to Headquarters! !!! [Must Watch #212],Shocking photos leaked on deep web forums allegedly prove that extraterrestrial entities have secretly taken over major government positions! Insider sources reveal exotic technology is being tested in hidden underground bunkers without public knowledge. Wake up people! Conspiracy whistleblowers confirm this secret evidence in private report #212!,Government News,"December 16, 2023"
EXCLUSIVE: Missing Island Discovered Hidden Inside Huge Cloud Vortex! !!! [Must Watch #213],A rogue scientist who was banned by big pharmaceutical companies claims that drinking a mixture of cucumber juice and special crystals instantly cures every illness known to mankind! Doctors hate this simple trick! Click here to order your secret bottle now! Conspiracy whistleblowers confirm this secret evidence in private report #213!,News,"December 17, 2023"
BREAKING: Scientists Confirm Moon is Hollow Spacecraft Guarded by Robots! !!! [Must Watch #214],Unbelievable documents uncovered from a secret vault show an entire mega-city thriving miles below the ocean floor! Authorities are scrambling to cover up satellite footage showing giant underwater domes and alien tech. Conspiracy whistleblowers confirm this secret evidence in private report #214!,Government News,"December 18, 2023"
SHOCKING TRUTH: Hidden Code in Ancient Painting Predicts End of World Next Week! !!! [Must Watch #215],Leaked files reveal a shadowy cabal of global elites planning to dismantle all physical currency by next month and force every citizen to receive a biochip implant! Financial experts urge everyone to stock up on canned food immediately! Conspiracy whistleblowers confirm this secret evidence in private report #215!,News,"December 19, 2023"
LEAKED: Shadow Organization Synthetic Humans Replacing Government Officials! !!! [Must Watch #216],A former Hollywood insider just broke silence and exposed the secret scripts given to TV anchors to control human minds through subtle light flashes. Watch this unedited footage before it gets banned across all platforms! Conspiracy whistleblowers confirm this secret evidence in private report #216!,Government News,"December 20, 2023"
BOMBSHELL CLAIM: Invisible Energy Shield Surrounds Lost Continent of Atlantis! !!! [Must Watch #217],Eyewitnesses in downtown area claim a man wearing futuristic clothing appeared out of nowhere and accurately predicted local events before vanishing into thin air! Government agents were spotted confiscating security tapes. Conspiracy whistleblowers confirm this secret evidence in private report #217!,News,"December 21, 2023"
REVEALED: Secret Elixir Found in Antarctic Cave Grants Telepathic Abilities! !!! [Must Watch #218],Exclusive report reveals suppressed patents from 1920 that prove internal combustion engines can easily run on pure tap water! Big energy conglomerates paid billions to bury this technology forever! Conspiracy whistleblowers confirm this secret evidence in private report #218!,Government News,"December 22, 2023"
EXPOSED: Global Conspiracy Hides Giant Flying Dragons Living Inside Earth Core! !!! [Must Watch #219],Scientists who refused to sign confidentiality agreements claim that microwave appliances are transmitting secret spy signals directly into citizen homes! Unplug your electronics now! Conspiracy whistleblowers confirm this secret evidence in private report #219!,News,"December 23, 2023"
MUST READ: Instant Teleportation Devices Already Sold in Secret Dark Markets! !!! [Must Watch #220],Secret ancient texts decoded by independent researchers prove that massive pyramids were built as refueling docks for alien starships! Official historians are desperately trying to censor the evidence! Conspiracy whistleblowers confirm this secret evidence in private report #220!,Government News,"December 24, 2023"
SHOCKING BREAKING: Secret Government Machine Controls Weather Across Globe! !!! [Must Watch #221],"In a mind-blowing revelation, anonymous whistleblowers claim that secret military installations possess top-secret frequency cannons capable of manipulating global weather patterns at will. Mainstream media refuses to report this terrifying truth! Share this video before it gets deleted by the censorship authorities! Conspiracy whistleblowers confirm this secret evidence in private report #221!",News,"December 25, 2023"
CONFIRMED: Aliens Have Infiltrated High-Level Political Cabinet Meetings! !!! [Must Watch #222],Shocking photos leaked on deep web forums allegedly prove that extraterrestrial entities have secretly taken over major government positions! Insider sources reveal exotic technology is being tested in hidden underground bunkers without public knowledge. Wake up people! Conspiracy whistleblowers confirm this secret evidence in private report #222!,Government News,"December 26, 2023"
MUST SEE: Drinking Miracle Juice Cures All Known Diseases Instantly! !!! [Must Watch #223],A rogue scientist who was banned by big pharmaceutical companies claims that drinking a mixture of cucumber juice and special crystals instantly cures every illness known to mankind! Doctors hate this simple trick! Click here to order your secret bottle now! Conspiracy whistleblowers confirm this secret evidence in private report #223!,News,"December 27, 2023"
BOMBSHELL EXPOSÉ: Hidden Underground City Discovered Beneath Ocean Floor! !!! [Must Watch #224],Unbelievable documents uncovered from a secret vault show an entire mega-city thriving miles below the ocean floor! Authorities are scrambling to cover up satellite footage showing giant underwater domes and alien tech. Conspiracy whistleblowers confirm this secret evidence in private report #224!,Government News,"December 28, 2023"
LEAKED DOCUMENTS: Banking Syndicate Plan to Replace Money with Digital Microchips! !!! [Must Watch #225],Leaked files reveal a shadowy cabal of global elites planning to dismantle all physical currency by next month and force every citizen to receive a biochip implant! Financial experts urge everyone to stock up on canned food immediately! Conspiracy whistleblowers confirm this secret evidence in private report #225!,News,"December 1, 2023"
UNBELIEVABLE: Celebrity Reveals Mind Control Script Used by Mainstream Media! !!! [Must Watch #226],A former Hollywood insider just broke silence and exposed the secret scripts given to TV anchors to control human minds through subtle light flashes. Watch this unedited footage before it gets banned across all platforms! Conspiracy whistleblowers confirm this secret evidence in private report #226!,Government News,"December 2, 2023"
PROOF: Time Traveler from 2085 Predicts Tomorrow's Lottery Numbers! !!! [Must Watch #227],Eyewitnesses in downtown area claim a man wearing futuristic clothing appeared out of nowhere and accurately predicted local events before vanishing into thin air! Government agents were spotted confiscating security tapes. Conspiracy whistleblowers confirm this secret evidence in private report #227!,News,"December 3, 2023"
CELEBRITY EXPOSED: Secret Hollywood Portal Grants Eternal Youth to Elites! !!! [Must Watch #228],Exclusive report reveals suppressed patents from 1920 that prove internal combustion engines can easily run on pure tap water! Big energy conglomerates paid billions to bury this technology forever! Conspiracy whistleblowers confirm this secret evidence in private report #228!,Government News,"December 4, 2023"
ALERT: Suppressed Technology Allows Cars to Run Unlimited Miles on Plain Water! !!! [Must Watch #229],Scientists who refused to sign confidentiality agreements claim that microwave appliances are transmitting secret spy signals directly into citizen homes! Unplug your electronics now! Conspiracy whistleblowers confirm this secret evidence in private report #229!,News,"December 5, 2023"
SCANDAL: Secret Society Controls World Elections Using Psychic Frequencies! !!! [Must Watch #230],Secret ancient texts decoded by independent researchers prove that massive pyramids were built as refueling docks for alien starships! Official historians are desperately trying to censor the evidence! Conspiracy whistleblowers confirm this secret evidence in private report #230!,Government News,"December 6, 2023"
BOMBSHELL: Ancient Pyramids Were Secret Spaceports Built for Intergalactic Ships! !!! [Must Watch #231],"In a mind-blowing revelation, anonymous whistleblowers claim that secret military installations possess top-secret frequency cannons capable of manipulating global weather patterns at will. Mainstream media refuses to report this terrifying truth! Share this video before it gets deleted by the censorship authorities! Conspiracy whistleblowers confirm this secret evidence in private report #231!",News,"December 7, 2023"
WARNING: Microwave Ovens Broadcast Secret Surveillance Signals to Headquarters! !!! [Must Watch #232],Shocking photos leaked on deep web forums allegedly prove that extraterrestrial entities have secretly taken over major government positions! Insider sources reveal exotic technology is being tested in hidden underground bunkers without public knowledge. Wake up people! Conspiracy whistleblowers confirm this secret evidence in private report #232!,Government News,"December 8, 2023"
EXCLUSIVE: Missing Island Discovered Hidden Inside Huge Cloud Vortex! !!! [Must Watch #233],A rogue scientist who was banned by big pharmaceutical companies claims that drinking a mixture of cucumber juice and special crystals instantly cures every illness known to mankind! Doctors hate this simple trick! Click here to order your secret bottle now! Conspiracy whistleblowers confirm this secret evidence in private report #233!,News,"December 9, 2023"
BREAKING: Scientists Confirm Moon is Hollow Spacecraft Guarded by Robots! !!! [Must Watch #234],Unbelievable documents uncovered from a secret vault show an entire mega-city thriving miles below the ocean floor! Authorities are scrambling to cover up satellite footage showing giant underwater domes and alien tech. Conspiracy whistleblowers confirm this secret evidence in private report #234!,Government News,"December 10, 2023"
SHOCKING TRUTH: Hidden Code in Ancient Painting Predicts End of World Next Week! !!! [Must Watch #235],Leaked files reveal a shadowy cabal of global elites planning to dismantle all physical currency by next month and force every citizen to receive a biochip implant! Financial experts urge everyone to stock up on canned food immediately! Conspiracy whistleblowers confirm this secret evidence in private report #235!,News,"December 11, 2023"
LEAKED: Shadow Organization Synthetic Humans Replacing Government Officials! !!! [Must Watch #236],A former Hollywood insider just broke silence and exposed the secret scripts given to TV anchors to control human minds through subtle light flashes. Watch this unedited footage before it gets banned across all platforms! Conspiracy whistleblowers confirm this secret evidence in private report #236!,Government News,"December 12, 2023"
BOMBSHELL CLAIM: Invisible Energy Shield Surrounds Lost Continent of Atlantis! !!! [Must Watch #237],Eyewitnesses in downtown area claim a man wearing futuristic clothing appeared out of nowhere and accurately predicted local events before vanishing into thin air! Government agents were spotted confiscating security tapes. Conspiracy whistleblowers confirm this secret evidence in private report #237!,News,"December 13, 2023"
REVEALED: Secret Elixir Found in Antarctic Cave Grants Telepathic Abilities! !!! [Must Watch #238],Exclusive report reveals suppressed patents from 1920 that prove internal combustion engines can easily run on pure tap water! Big energy conglomerates paid billions to bury this technology forever! Conspiracy whistleblowers confirm this secret evidence in private report #238!,Government News,"December 14, 2023"
EXPOSED: Global Conspiracy Hides Giant Flying Dragons Living Inside Earth Core! !!! [Must Watch #239],Scientists who refused to sign confidentiality agreements claim that microwave appliances are transmitting secret spy signals directly into citizen homes! Unplug your electronics now! Conspiracy whistleblowers confirm this secret evidence in private report #239!,News,"December 15, 2023"
MUST READ: Instant Teleportation Devices Already Sold in Secret Dark Markets! !!! [Must Watch #240],Secret ancient texts decoded by independent researchers prove that massive pyramids were built as refueling docks for alien starships! Official historians are desperately trying to censor the evidence! Conspiracy whistleblowers confirm this secret evidence in private report #240!,Government News,"December 16, 2023"
SHOCKING BREAKING: Secret Government Machine Controls Weather Across Globe! !!! [Must Watch #241],"In a mind-blowing revelation, anonymous whistleblowers claim that secret military installations possess top-secret frequency cannons capable of manipulating global weather patterns at will. Mainstream media refuses to report this terrifying truth! Share this video before it gets deleted by the censorship authorities! Conspiracy whistleblowers confirm this secret evidence in private report #241!",News,"December 17, 2023"
CONFIRMED: Aliens Have Infiltrated High-Level Political Cabinet Meetings! !!! [Must Watch #242],Shocking photos leaked on deep web forums allegedly prove that extraterrestrial entities have secretly taken over major government positions! Insider sources reveal exotic technology is being tested in hidden underground bunkers without public knowledge. Wake up people! Conspiracy whistleblowers confirm this secret evidence in private report #242!,Government News,"December 18, 2023"
MUST SEE: Drinking Miracle Juice Cures All Known Diseases Instantly! !!! [Must Watch #243],A rogue scientist who was banned by big pharmaceutical companies claims that drinking a mixture of cucumber juice and special crystals instantly cures every illness known to mankind! Doctors hate this simple trick! Click here to order your secret bottle now! Conspiracy whistleblowers confirm this secret evidence in private report #243!,News,"December 19, 2023"
BOMBSHELL EXPOSÉ: Hidden Underground City Discovered Beneath Ocean Floor! !!! [Must Watch #244],Unbelievable documents uncovered from a secret vault show an entire mega-city thriving miles below the ocean floor! Authorities are scrambling to cover up satellite footage showing giant underwater domes and alien tech. Conspiracy whistleblowers confirm this secret evidence in private report #244!,Government News,"December 20, 2023"
LEAKED DOCUMENTS: Banking Syndicate Plan to Replace Money with Digital Microchips! !!! [Must Watch #245],Leaked files reveal a shadowy cabal of global elites planning to dismantle all physical currency by next month and force every citizen to receive a biochip implant! Financial experts urge everyone to stock up on canned food immediately! Conspiracy whistleblowers confirm this secret evidence in private report #245!,News,"December 21, 2023"
UNBELIEVABLE: Celebrity Reveals Mind Control Script Used by Mainstream Media! !!! [Must Watch #246],A former Hollywood insider just broke silence and exposed the secret scripts given to TV anchors to control human minds through subtle light flashes. Watch this unedited footage before it gets banned across all platforms! Conspiracy whistleblowers confirm this secret evidence in private report #246!,Government News,"December 22, 2023"
PROOF: Time Traveler from 2085 Predicts Tomorrow's Lottery Numbers! !!! [Must Watch #247],Eyewitnesses in downtown area claim a man wearing futuristic clothing appeared out of nowhere and accurately predicted local events before vanishing into thin air! Government agents were spotted confiscating security tapes. Conspiracy whistleblowers confirm this secret evidence in private report #247!,News,"December 23, 2023"
CELEBRITY EXPOSED: Secret Hollywood Portal Grants Eternal Youth to Elites! !!! [Must Watch #248],Exclusive report reveals suppressed patents from 1920 that prove internal combustion engines can easily run on pure tap water! Big energy conglomerates paid billions to bury this technology forever! Conspiracy whistleblowers confirm this secret evidence in private report #248!,Government News,"December 24, 2023"
ALERT: Suppressed Technology Allows Cars to Run Unlimited Miles on Plain Water! !!! [Must Watch #249],Scientists who refused to sign confidentiality agreements claim that microwave appliances are transmitting secret spy signals directly into citizen homes! Unplug your electronics now! Conspiracy whistleblowers confirm this secret evidence in private report #249!,News,"December 25, 2023"
SCANDAL: Secret Society Controls World Elections Using Psychic Frequencies! !!! [Must Watch #250],Secret ancient texts decoded by independent researchers prove that massive pyramids were built as refueling docks for alien starships! Official historians are desperately trying to censor the evidence! Conspiracy whistleblowers confirm this secret evidence in private report #250!,Government News,"December 26, 2023"
