title,text,subject,date
Federal Reserve Announces Interest Rate Decision Following Policy Meeting (Report #1),WASHINGTON (Reuters) - The Federal Reserve announced today its latest monetary policy decision following a two-day meeting. Financial officials indicated that interest rate adjustments will remain dependent on incoming inflation data and labor market indicators. Economists noted that market indices responded with moderate gains following the official release statement. Additional verified analysis confirmed baseline stability across indicators in quarterly update sample #1.,politics,"December 1, 2023"
European Union Approves Landmark Artificial Intelligence Regulation Framework (Report #2),"BRUSSELS (Reuters) - European lawmakers voted overwhelmingly to adopt a comprehensive legislative framework governing artificial intelligence applications. The new rules mandate transparency, risk management benchmarks, and strict safeguards for high-risk deployments. Industry leaders commended the decision as a standard-setting initiative. Additional verified analysis confirmed baseline stability across indicators in quarterly update sample #2.",worldnews,"December 2, 2023"
NASA Spacecraft Collects Samples From Distant Asteroid Surface (Report #3),CAPE CANAVERAL (Reuters) - NASA mission controllers confirmed successful retrieval of surface samples from a carbon-rich asteroid. The robotic spacecraft navigated autonomous thrusters to secure physical specimens for analysis. Scientists expect the findings to shed light on early solar system formation. Additional verified analysis confirmed baseline stability across indicators in quarterly update sample #3.,politics,"December 3, 2023"
Global Climate Summit Concludes With Renewable Energy Commitments (Report #4),PARIS (Reuters) - Representatives from over 190 nations concluded annual climate negotiations with a ratified agreement prioritizing renewable energy expansion. Delegations agreed to double solar and wind infrastructure investments over the coming decade while providing financial aid to developing regions. Additional verified analysis confirmed baseline stability across indicators in quarterly update sample #4.,worldnews,"December 4, 2023"
Tech Giants Report Quarterly Earnings Ahead of Wall Street Expectations (Report #5),NEW YORK (Reuters) - Technology sector earnings topped consensus estimates as Cloud computing revenue accelerated across enterprise segments. Corporate executives highlighted expanding margins during conference calls with investors today. Additional verified analysis confirmed baseline stability across indicators in quarterly update sample #5.,politics,"December 5, 2023"
Bipartisan Bill Signed into Law to Upgrade Infrastructure and Roads (Report #6),"WASHINGTON (Reuters) - President signed legislation allocating federal grants toward highway renovation, bridge repairs, and clean transit networks. Both congressional parties applauded the legislation as a vital infrastructure modernization milestone. Additional verified analysis confirmed baseline stability across indicators in quarterly update sample #6.",worldnews,"December 6, 2023"
World Health Organization Issues Guidance on Seasonal Virus Preparedness (Report #7),GENEVA (Reuters) - The World Health Organization issued updated global public health guidelines emphasizing preventive healthcare and early diagnostic monitoring across healthcare systems worldwide. Additional verified analysis confirmed baseline stability across indicators in quarterly update sample #7.,politics,"December 7, 2023"
Major Automobile Manufacturer Unveils New Electric Vehicle Fleet (Report #8),DETROIT (Reuters) - Auto manufacturers announced next-generation battery architectures offering extended driving ranges and faster charging capability. Production lines are scheduled to begin output next year. Additional verified analysis confirmed baseline stability across indicators in quarterly update sample #8.,worldnews,"December 8, 2023"
Supreme Court Issues Rulings on High-Profile Regulatory Rights Case (Report #9),WASHINGTON (Reuters) - The Supreme Court handed down a decision addressing regulatory authority standards under administrative law. The majority opinion noted the necessity of adhering strictly to statutory provisions. Additional verified analysis confirmed baseline stability across indicators in quarterly update sample #9.,politics,"December 9, 2023"
Economic Growth Exceeds Analyst Expectations in Third Quarter Report (Report #10),CHICAGO (Reuters) - Department of Commerce economic figures showed gross domestic product expanded at an annual rate exceeding initial forecasts driven by consumer spending and manufacturing strength. Additional verified analysis confirmed baseline stability across indicators in quarterly update sample #10.,worldnews,"December 10, 2023"
International Trade Negotiations Reach Consensus on Digital Tariffs (Report #11),WASHINGTON (Reuters) - The Federal Reserve announced today its latest monetary policy decision following a two-day meeting. Financial officials indicated that interest rate adjustments will remain dependent on incoming inflation data and labor market indicators. Economists noted that market indices responded with moderate gains following the official release statement. Additional verified analysis confirmed baseline stability across indicators in quarterly update sample #11.,politics,"December 11, 2023"
Archaeologists Unearth Ancient Historical Settlement in Mediterranean (Report #12),"BRUSSELS (Reuters) - European lawmakers voted overwhelmingly to adopt a comprehensive legislative framework governing artificial intelligence applications. The new rules mandate transparency, risk management benchmarks, and strict safeguards for high-risk deployments. Industry leaders commended the decision as a standard-setting initiative. Additional verified analysis confirmed baseline stability across indicators in quarterly update sample #12.",worldnews,"December 12, 2023"
Central Banks Coordinate to Stabilize International Currency Markets (Report #13),CAPE CANAVERAL (Reuters) - NASA mission controllers confirmed successful retrieval of surface samples from a carbon-rich asteroid. The robotic spacecraft navigated autonomous thrusters to secure physical specimens for analysis. Scientists expect the findings to shed light on early solar system formation. Additional verified analysis confirmed baseline stability across indicators in quarterly update sample #13.,politics,"December 13, 2023"
Scientists Publish Breakthrough Findings in Renewable Battery Storage (Report #14),PARIS (Reuters) - Representatives from over 190 nations concluded annual climate negotiations with a ratified agreement prioritizing renewable energy expansion. Delegations agreed to double solar and wind infrastructure investments over the coming decade while providing financial aid to developing regions. Additional verified analysis confirmed baseline stability across indicators in quarterly update sample #14.,worldnews,"December 14, 2023"
United Nations Security Council Passes Resolution on Regional Peacekeeping (Report #15),NEW YORK (Reuters) - Technology sector earnings topped consensus estimates as Cloud computing revenue accelerated across enterprise segments. Corporate executives highlighted expanding margins during conference calls with investors today. Additional verified analysis confirmed baseline stability across indicators in quarterly update sample #15.,politics,"December 15, 2023"
Senate Confirms Federal Judge Candidates in Bipartisan Session (Report #16),"WASHINGTON (Reuters) - President signed legislation allocating federal grants toward highway renovation, bridge repairs, and clean transit networks. Both congressional parties applauded the legislation as a vital infrastructure modernization milestone. Additional verified analysis confirmed baseline stability across indicators in quarterly update sample #16.",worldnews,"December 16, 2023"
Labor Department Reports Drop in Unemployment Rate Across Sectors (Report #17),GENEVA (Reuters) - The World Health Organization issued updated global public health guidelines emphasizing preventive healthcare and early diagnostic monitoring across healthcare systems worldwide. Additional verified analysis confirmed baseline stability across indicators in quarterly update sample #17.,politics,"December 17, 2023"
Medical Researchers Complete Clinical Trial for Target Cancer Therapy (Report #18),DETROIT (Reuters) - Auto manufacturers announced next-generation battery architectures offering extended driving ranges and faster charging capability. Production lines are scheduled to begin output next year. Additional verified analysis confirmed baseline stability across indicators in quarterly update sample #18.,worldnews,"December 18, 2023"
G7 Leaders Meet to Discuss Cybersecurity and Global Supply Chains (Report #19),WASHINGTON (Reuters) - The Supreme Court handed down a decision addressing regulatory authority standards under administrative law. The majority opinion noted the necessity of adhering strictly to statutory provisions. Additional verified analysis confirmed baseline stability across indicators in quarterly update sample #19.,politics,"December 19, 2023"
Energy Department Grants Funding for Offshore Wind Farm Development (Report #20),CHICAGO (Reuters) - Department of Commerce economic figures showed gross domestic product expanded at an annual rate exceeding initial forecasts driven by consumer spending and manufacturing strength. Additional verified analysis confirmed baseline stability across indicators in quarterly update sample #20.,worldnews,"December 20, 2023"
Federal Reserve Announces Interest Rate Decision Following Policy Meeting (Report #21),WASHINGTON (Reuters) - The Federal Reserve announced today its latest monetary policy decision following a two-day meeting. Financial officials indicated that interest rate adjustments will remain dependent on incoming inflation data and labor market indicators. Economists noted that market indices responded with moderate gains following the official release statement. Additional verified analysis confirmed baseline stability across indicators in quarterly update sample #21.,politics,"December 21, 2023"
European Union Approves Landmark Artificial Intelligence Regulation Framework (Report #22),"BRUSSELS (Reuters) - European lawmakers voted overwhelmingly to adopt a comprehensive legislative framework governing artificial intelligence applications. The new rules mandate transparency, risk management benchmarks, and strict safeguards for high-risk deployments. Industry leaders commended the decision as a standard-setting initiative. Additional verified analysis confirmed baseline stability across indicators in quarterly update sample #22.",worldnews,"December 22, 2023"
NASA Spacecraft Collects Samples From Distant Asteroid Surface (Report #23),CAPE CANAVERAL (Reuters) - NASA mission controllers confirmed successful retrieval of surface samples from a carbon-rich asteroid. The robotic spacecraft navigated autonomous thrusters to secure physical specimens for analysis. Scientists expect the findings to shed light on early solar system formation. Additional verified analysis confirmed baseline stability across indicators in quarterly update sample #23.,politics,"December 23, 2023"
Global Climate Summit Concludes With Renewable Energy Commitments (Report #24),PARIS (Reuters) - Representatives from over 190 nations concluded annual climate negotiations with a ratified agreement prioritizing renewable energy expansion. Delegations agreed to double solar and wind infrastructure investments over the coming decade while providing financial aid to developing regions. Additional verified analysis confirmed baseline stability across indicators in quarterly update sample #24.,worldnews,"December 24, 2023"
Tech Giants Report Quarterly Earnings Ahead of Wall Street Expectations (Report #25),NEW YORK (Reuters) - Technology sector earnings topped consensus estimates as Cloud computing revenue accelerated across enterprise segments. Corporate executives highlighted expanding margins during conference calls with investors today. Additional verified analysis confirmed baseline stability across indicators in quarterly update sample #25.,politics,"December 25, 2023"
Bipartisan Bill Signed into Law to Upgrade Infrastructure and Roads (Report #26),"WASHINGTON (Reuters) - President signed legislation allocating federal grants toward highway renovation, bridge repairs, and clean transit networks. Both congressional parties applauded the legislation as a vital infrastructure modernization milestone. Additional verified analysis confirmed baseline stability across indicators in quarterly update sample #26.",worldnews,"December 26, 2023"
World Health Organization Issues Guidance on Seasonal Virus Preparedness (Report #27),GENEVA (Reuters) - The World Health Organization issued updated global public health guidelines emphasizing preventive healthcare and early diagnostic monitoring across healthcare systems worldwide. Additional verified analysis confirmed baseline stability across indicators in quarterly update sample #27.,politics,"December 27, 2023"
Major Automobile Manufacturer Unveils New Electric Vehicle Fleet (Report #28),DETROIT (Reuters) - Auto manufacturers announced next-generation battery architectures offering extended driving ranges and faster charging capability. Production lines are scheduled to begin output next year. Additional verified analysis confirmed baseline stability across indicators in quarterly update sample #28.,worldnews,"December 28, 2023"
Supreme Court Issues Rulings on High-Profile Regulatory Rights Case (Report #29),WASHINGTON (Reuters) - The Supreme Court handed down a decision addressing regulatory authority standards under administrative law. The majority opinion noted the necessity of adhering strictly to statutory provisions. Additional verified analysis confirmed baseline stability across indicators in quarterly update sample #29.,politics,"December 1, 2023"
Economic Growth Exceeds Analyst Expectations in Third Quarter Report (Report #30),CHICAGO (Reuters) - Department of Commerce economic figures showed gross domestic product expanded at an annual rate exceeding initial forecasts driven by consumer spending and manufacturing strength. Additional verified analysis confirmed baseline stability across indicators in quarterly update sample #30.,worldnews,"December 2, 2023"
International Trade Negotiations Reach Consensus on Digital Tariffs (Report #31),WASHINGTON (Reuters) - The Federal Reserve announced today its latest monetary policy decision following a two-day meeting. Financial officials indicated that interest rate adjustments will remain dependent on incoming inflation data and labor market indicators. Economists noted that market indices responded with moderate gains following the official release statement. Additional verified analysis confirmed baseline stability across indicators in quarterly update sample #31.,politics,"December 3, 2023"
Archaeologists Unearth Ancient Historical Settlement in Mediterranean (Report #32),"BRUSSELS (Reuters) - European lawmakers voted overwhelmingly to adopt a comprehensive legislative framework governing artificial intelligence applications. The new rules mandate transparency, risk management benchmarks, and strict safeguards for high-risk deployments. Industry leaders commended the decision as a standard-setting initiative. Additional verified analysis confirmed baseline stability across indicators in quarterly update sample #32.",worldnews,"December 4, 2023"
Central Banks Coordinate to Stabilize International Currency Markets (Report #33),CAPE CANAVERAL (Reuters) - NASA mission controllers confirmed successful retrieval of surface samples from a carbon-rich asteroid. The robotic spacecraft navigated autonomous thrusters to secure physical specimens for analysis. Scientists expect the findings to shed light on early solar system formation. Additional verified analysis confirmed baseline stability across indicators in quarterly update sample #33.,politics,"December 5, 2023"
Scientists Publish Breakthrough Findings in Renewable Battery Storage (Report #34),PARIS (Reuters) - Representatives from over 190 nations concluded annual climate negotiations with a ratified agreement prioritizing renewable energy expansion. Delegations agreed to double solar and wind infrastructure investments over the coming decade while providing financial aid to developing regions. Additional verified analysis confirmed baseline stability across indicators in quarterly update sample #34.,worldnews,"December 6, 2023"
United Nations Security Council Passes Resolution on Regional Peacekeeping (Report #35),NEW YORK (Reuters) - Technology sector earnings topped consensus estimates as Cloud computing revenue accelerated across enterprise segments. Corporate executives highlighted expanding margins during conference calls with investors today. Additional verified analysis confirmed baseline stability across indicators in quarterly update sample #35.,politics,"December 7, 2023"
Senate Confirms Federal Judge Candidates in Bipartisan Session (Report #36),"WASHINGTON (Reuters) - President signed legislation allocating federal grants toward highway renovation, bridge repairs, and clean transit networks. Both congressional parties applauded the legislation as a vital infrastructure modernization milestone. Additional verified analysis confirmed baseline stability across indicators in quarterly update sample #36.",worldnews,"December 8, 2023"
Labor Department Reports Drop in Unemployment Rate Across Sectors (Report #37),GENEVA (Reuters) - The World Health Organization issued updated global public health guidelines emphasizing preventive healthcare and early diagnostic monitoring across healthcare systems worldwide. Additional verified analysis confirmed baseline stability across indicators in quarterly update sample #37.,politics,"December 9, 2023"
Medical Researchers Complete Clinical Trial for Target Cancer Therapy (Report #38),DETROIT (Reuters) - Auto manufacturers announced next-generation battery architectures offering extended driving ranges and faster charging capability. Production lines are scheduled to begin output next year. Additional verified analysis confirmed baseline stability across indicators in quarterly update sample #38.,worldnews,"December 10, 2023"
G7 Leaders Meet to Discuss Cybersecurity and Global Supply Chains (Report #39),WASHINGTON (Reuters) - The Supreme Court handed down a decision addressing regulatory authority standards under administrative law. The majority opinion noted the necessity of adhering strictly to statutory provisions. Additional verified analysis confirmed baseline stability across indicators in quarterly update sample #39.,politics,"December 11, 2023"
Energy Department Grants Funding for Offshore Wind Farm Development (Report #40),CHICAGO (Reuters) - Department of Commerce economic figures showed gross domestic product expanded at an annual rate exceeding initial forecasts driven by consumer spending and manufacturing strength. Additional verified analysis confirmed baseline stability across indicators in quarterly update sample #40.,worldnews,"December 12, 2023"
Federal Reserve Announces Interest Rate Decision Following Policy Meeting (Report #41),WASHINGTON (Reuters) - The Federal Reserve announced today its latest monetary policy decision following a two-day meeting. Financial officials indicated that interest rate adjustments will remain dependent on incoming inflation data and labor market indicators. Economists noted that market indices responded with moderate gains following the official release statement. Additional verified analysis confirmed baseline stability across indicators in quarterly update sample #41.,politics,"December 13, 2023"
European Union Approves Landmark Artificial Intelligence Regulation Framework (Report #42),"BRUSSELS (Reuters) - European lawmakers voted overwhelmingly to adopt a comprehensive legislative framework governing artificial intelligence applications. The new rules mandate transparency, risk management benchmarks, and strict safeguards for high-risk deployments. Industry leaders commended the decision as a standard-setting initiative. Additional verified analysis confirmed baseline stability across indicators in quarterly update sample #42.",worldnews,"December 14, 2023"
NASA Spacecraft Collects Samples From Distant Asteroid Surface (Report #43),CAPE CANAVERAL (Reuters) - NASA mission controllers confirmed successful retrieval of surface samples from a carbon-rich asteroid. The robotic spacecraft navigated autonomous thrusters to secure physical specimens for analysis. Scientists expect the findings to shed light on early solar system formation. Additional verified analysis confirmed baseline stability across indicators in quarterly update sample #43.,politics,"December 15, 2023"
Global Climate Summit Concludes With Renewable Energy Commitments (Report #44),PARIS (Reuters) - Representatives from over 190 nations concluded annual climate negotiations with a ratified agreement prioritizing renewable energy expansion. Delegations agreed to double solar and wind infrastructure investments over the coming decade while providing financial aid to developing regions. Additional verified analysis confirmed baseline stability across indicators in quarterly update sample #44.,worldnews,"December 16, 2023"
Tech Giants Report Quarterly Earnings Ahead of Wall Street Expectations (Report #45),NEW YORK (Reuters) - Technology sector earnings topped consensus estimates as Cloud computing revenue accelerated across enterprise segments. Corporate executives highlighted expanding margins during conference calls with investors today. Additional verified analysis confirmed baseline stability across indicators in quarterly update sample #45.,politics,"December 17, 2023"
Bipartisan Bill Signed into Law to Upgrade Infrastructure and Roads (Report #46),"WASHINGTON (Reuters) - President signed legislation allocating federal grants toward highway renovation, bridge repairs, and clean transit networks. Both congressional parties applauded the legislation as a vital infrastructure modernization milestone. Additional verified analysis confirmed baseline stability across indicators in quarterly update sample #46.",worldnews,"December 18, 2023"
World Health Organization Issues Guidance on Seasonal Virus Preparedness (Report #47),GENEVA (Reuters) - The World Health Organization issued updated global public health guidelines emphasizing preventive healthcare and early diagnostic monitoring across healthcare systems worldwide. Additional verified analysis confirmed baseline stability across indicators in quarterly update sample #47.,politics,"December 19, 2023"
Major Automobile Manufacturer Unveils New Electric Vehicle Fleet (Report #48),DETROIT (Reuters) - Auto manufacturers announced next-generation battery architectures offering extended driving ranges and faster charging capability. Production lines are scheduled to begin output next year. Additional verified analysis confirmed baseline stability across indicators in quarterly update sample #48.,worldnews,"December 20, 2023"
Supreme Court Issues Rulings on High-Profile Regulatory Rights Case (Report #49),WASHINGTON (Reuters) - The Supreme Court handed down a decision addressing regulatory authority standards under administrative law. The majority opinion noted the necessity of adhering strictly to statutory provisions. Additional verified analysis confirmed baseline stability across indicators in quarterly update sample #49.,politics,"December 21, 2023"
Economic Growth Exceeds Analyst Expectations in Third Quarter Report (Report #50),CHICAGO (Reuters) - Department of Commerce economic figures showed gross domestic product expanded at an annual rate exceeding initial forecasts driven by consumer spending and manufacturing strength. Additional verified analysis confirmed baseline stability across indicators in quarterly update sample #50.,worldnews,"December 22, 2023"
International Trade Negotiations Reach Consensus on Digital Tariffs (Report #51),WASHINGTON (Reuters) - The Federal Reserve announced today its latest monetary policy decision following a two-day meeting. Financial officials indicated that interest rate adjustments will remain dependent on incoming inflation data and labor market indicators. Economists noted that market indices responded with moderate gains following the official release statement. Additional verified analysis confirmed baseline stability across indicators in quarterly update sample #51.,politics,"December 23, 2023"
Archaeologists Unearth Ancient Historical Settlement in Mediterranean (Report #52),"BRUSSELS (Reuters) - European lawmakers voted overwhelmingly to adopt a comprehensive legislative framework governing artificial intelligence applications. The new rules mandate transparency, risk management benchmarks, and strict safeguards for high-risk deployments. Industry leaders commended the decision as a standard-setting initiative. Additional verified analysis confirmed baseline stability across indicators in quarterly update sample #52.",worldnews,"December 24, 2023"
Central Banks Coordinate to Stabilize International Currency Markets (Report #53),CAPE CANAVERAL (Reuters) - NASA mission controllers confirmed successful retrieval of surface samples from a carbon-rich asteroid. The robotic spacecraft navigated autonomous thrusters to secure physical specimens for analysis. Scientists expect the findings to shed light on early solar system formation. Additional verified analysis confirmed baseline stability across indicators in quarterly update sample #53.,politics,"December 25, 2023"
Scientists Publish Breakthrough Findings in Renewable Battery Storage (Report #54),PARIS (Reuters) - Representatives from over 190 nations concluded annual climate negotiations with a ratified agreement prioritizing renewable energy expansion. Delegations agreed to double solar and wind infrastructure investments over the coming decade while providing financial aid to developing regions. Additional verified analysis confirmed baseline stability across indicators in quarterly update sample #54.,worldnews,"December 26, 2023"
United Nations Security Council Passes Resolution on Regional Peacekeeping (Report #55),NEW YORK (Reuters) - Technology sector earnings topped consensus estimates as Cloud computing revenue accelerated across enterprise segments. Corporate executives highlighted expanding margins during conference calls with investors today. Additional verified analysis confirmed baseline stability across indicators in quarterly update sample #55.,politics,"December 27, 2023"
Senate Confirms Federal Judge Candidates in Bipartisan Session (Report #56),"WASHINGTON (Reuters) - President signed legislation allocating federal grants toward highway renovation, bridge repairs, and clean transit networks. Both congressional parties applauded the legislation as a vital infrastructure modernization milestone. Additional verified analysis confirmed baseline stability across indicators in quarterly update sample #56.",worldnews,"December 28, 2023"
Labor Department Reports Drop in Unemployment Rate Across Sectors (Report #57),GENEVA (Reuters) - The World Health Organization issued updated global public health guidelines emphasizing preventive healthcare and early diagnostic monitoring across healthcare systems worldwide. Additional verified analysis confirmed baseline stability across indicators in quarterly update sample #57.,politics,"December 1, 2023"
Medical Researchers Complete Clinical Trial for Target Cancer Therapy (Report #58),DETROIT (Reuters) - Auto manufacturers announced next-generation battery architectures offering extended driving ranges and faster charging capability. Production lines are scheduled to begin output next year. Additional verified analysis confirmed baseline stability across indicators in quarterly update sample #58.,worldnews,"December 2, 2023"
G7 Leaders Meet to Discuss Cybersecurity and Global Supply Chains (Report #59),WASHINGTON (Reuters) - The Supreme Court handed down a decision addressing regulatory authority standards under administrative law. The majority opinion noted the necessity of adhering strictly to statutory provisions. Additional verified analysis confirmed baseline stability across indicators in quarterly update sample #59.,politics,"December 3, 2023"
Energy Department Grants Funding for Offshore Wind Farm Development (Report #60),CHICAGO (Reuters) - Department of Commerce economic figures showed gross domestic product expanded at an annual rate exceeding initial forecasts driven by consumer spending and manufacturing strength. Additional verified analysis confirmed baseline stability across indicators in quarterly update sample #60.,worldnews,"December 4, 2023"
Federal Reserve Announces Interest Rate Decision Following Policy Meeting (Report #61),WASHINGTON (Reuters) - The Federal Reserve announced today its latest monetary policy decision following a two-day meeting. Financial officials indicated that interest rate adjustments will remain dependent on incoming inflation data and labor market indicators. Economists noted that market indices responded with moderate gains following the official release statement. Additional verified analysis confirmed baseline stability across indicators in quarterly update sample #61.,politics,"December 5, 2023"
European Union Approves Landmark Artificial Intelligence Regulation Framework (Report #62),"BRUSSELS (Reuters) - European lawmakers voted overwhelmingly to adopt a comprehensive legislative framework governing artificial intelligence applications. The new rules mandate transparency, risk management benchmarks, and strict safeguards for high-risk deployments. Industry leaders commended the decision as a standard-setting initiative. Additional verified analysis confirmed baseline stability across indicators in quarterly update sample #62.",worldnews,"December 6, 2023"
NASA Spacecraft Collects Samples From Distant Asteroid Surface (Report #63),CAPE CANAVERAL (Reuters) - NASA mission controllers confirmed successful retrieval of surface samples from a carbon-rich asteroid. The robotic spacecraft navigated autonomous thrusters to secure physical specimens for analysis. Scientists expect the findings to shed light on early solar system formation. Additional verified analysis confirmed baseline stability across indicators in quarterly update sample #63.,politics,"December 7, 2023"
Global Climate Summit Concludes With Renewable Energy Commitments (Report #64),PARIS (Reuters) - Representatives from over 190 nations concluded annual climate negotiations with a ratified agreement prioritizing renewable energy expansion. Delegations agreed to double solar and wind infrastructure investments over the coming decade while providing financial aid to developing regions. Additional verified analysis confirmed baseline stability across indicators in quarterly update sample #64.,worldnews,"December 8, 2023"
Tech Giants Report Quarterly Earnings Ahead of Wall Street Expectations (Report #65),NEW YORK (Reuters) - Technology sector earnings topped consensus estimates as Cloud computing revenue accelerated across enterprise segments. Corporate executives highlighted expanding margins during conference calls with investors today. Additional verified analysis confirmed baseline stability across indicators in quarterly update sample #65.,politics,"December 9, 2023"
Bipartisan Bill Signed into Law to Upgrade Infrastructure and Roads (Report #66),"WASHINGTON (Reuters) - President signed legislation allocating federal grants toward highway renovation, bridge repairs, and clean transit networks. Both congressional parties applauded the legislation as a vital infrastructure modernization milestone. Additional verified analysis confirmed baseline stability across indicators in quarterly update sample #66.",worldnews,"December 10, 2023"
World Health Organization Issues Guidance on Seasonal Virus Preparedness (Report #67),GENEVA (Reuters) - The World Health Organization issued updated global public health guidelines emphasizing preventive healthcare and early diagnostic monitoring across healthcare systems worldwide. Additional verified analysis confirmed baseline stability across indicators in quarterly update sample #67.,politics,"December 11, 2023"
Major Automobile Manufacturer Unveils New Electric Vehicle Fleet (Report #68),DETROIT (Reuters) - Auto manufacturers announced next-generation battery architectures offering extended driving ranges and faster charging capability. Production lines are scheduled to begin output next year. Additional verified analysis confirmed baseline stability across indicators in quarterly update sample #68.,worldnews,"December 12, 2023"
Supreme Court Issues Rulings on High-Profile Regulatory Rights Case (Report #69),WASHINGTON (Reuters) - The Supreme Court handed down a decision addressing regulatory authority standards under administrative law. The majority opinion noted the necessity of adhering strictly to statutory provisions. Additional verified analysis confirmed baseline stability across indicators in quarterly update sample #69.,politics,"December 13, 2023"
Economic Growth Exceeds Analyst Expectations in Third Quarter Report (Report #70),CHICAGO (Reuters) - Department of Commerce economic figures showed gross domestic product expanded at an annual rate exceeding initial forecasts driven by consumer spending and manufacturing strength. Additional verified analysis confirmed baseline stability across indicators in quarterly update sample #70.,worldnews,"December 14, 2023"
International Trade Negotiations Reach Consensus on Digital Tariffs (Report #71),WASHINGTON (Reuters) - The Federal Reserve announced today its latest monetary policy decision following a two-day meeting. Financial officials indicated that interest rate adjustments will remain dependent on incoming inflation data and labor market indicators. Economists noted that market indices responded with moderate gains following the official release statement. Additional verified analysis confirmed baseline stability across indicators in quarterly update sample #71.,politics,"December 15, 2023"
Archaeologists Unearth Ancient Historical Settlement in Mediterranean (Report #72),"BRUSSELS (Reuters) - European lawmakers voted overwhelmingly to adopt a comprehensive legislative framework governing artificial intelligence applications. The new rules mandate transparency, risk management benchmarks, and strict safeguards for high-risk deployments. Industry leaders commended the decision as a standard-setting initiative. Additional verified analysis confirmed baseline stability across indicators in quarterly update sample #72.",worldnews,"December 16, 2023"
Central Banks Coordinate to Stabilize International Currency Markets (Report #73),CAPE CANAVERAL (Reuters) - NASA mission controllers confirmed successful retrieval of surface samples from a carbon-rich asteroid. The robotic spacecraft navigated autonomous thrusters to secure physical specimens for analysis. Scientists expect the findings to shed light on early solar system formation. Additional verified analysis confirmed baseline stability across indicators in quarterly update sample #73.,politics,"December 17, 2023"
Scientists Publish Breakthrough Findings in Renewable Battery Storage (Report #74),PARIS (Reuters) - Representatives from over 190 nations concluded annual climate negotiations with a ratified agreement prioritizing renewable energy expansion. Delegations agreed to double solar and wind infrastructure investments over the coming decade while providing financial aid to developing regions. Additional verified analysis confirmed baseline stability across indicators in quarterly update sample #74.,worldnews,"December 18, 2023"
United Nations Security Council Passes Resolution on Regional Peacekeeping (Report #75),NEW YORK (Reuters) - Technology sector earnings topped consensus estimates as Cloud computing revenue accelerated across enterprise segments. Corporate executives highlighted expanding margins during conference calls with investors today. Additional verified analysis confirmed baseline stability across indicators in quarterly update sample #75.,politics,"December 19, 2023"
Senate Confirms Federal Judge Candidates in Bipartisan Session (Report #76),"WASHINGTON (Reuters) - President signed legislation allocating federal grants toward highway renovation, bridge repairs, and clean transit networks. Both congressional parties applauded the legislation as a vital infrastructure modernization milestone. Additional verified analysis confirmed baseline stability across indicators in quarterly update sample #76.",worldnews,"December 20, 2023"
Labor Department Reports Drop in Unemployment Rate Across Sectors (Report #77),GENEVA (Reuters) - The World Health Organization issued updated global public health guidelines emphasizing preventive healthcare and early diagnostic monitoring across healthcare systems worldwide. Additional verified analysis confirmed baseline stability across indicators in quarterly update sample #77.,politics,"December 21, 2023"
Medical Researchers Complete Clinical Trial for Target Cancer Therapy (Report #78),DETROIT (Reuters) - Auto manufacturers announced next-generation battery architectures offering extended driving ranges and faster charging capability. Production lines are scheduled to begin output next year. Additional verified analysis confirmed baseline stability across indicators in quarterly update sample #78.,worldnews,"December 22, 2023"
G7 Leaders Meet to Discuss Cybersecurity and Global Supply Chains (Report #79),WASHINGTON (Reuters) - The Supreme Court handed down a decision addressing regulatory authority standards under administrative law. The majority opinion noted the necessity of adhering strictly to statutory provisions. Additional verified analysis confirmed baseline stability across indicators in quarterly update sample #79.,politics,"December 23, 2023"
Energy Department Grants Funding for Offshore Wind Farm Development (Report #80),CHICAGO (Reuters) - Department of Commerce economic figures showed gross domestic product expanded at an annual rate exceeding initial forecasts driven by consumer spending and manufacturing strength. Additional verified analysis confirmed baseline stability across indicators in quarterly update sample #80.,worldnews,"December 24, 2023"
Federal Reserve Announces Interest Rate Decision Following Policy Meeting (Report #81),WASHINGTON (Reuters) - The Federal Reserve announced today its latest monetary policy decision following a two-day meeting. Financial officials indicated that interest rate adjustments will remain dependent on incoming inflation data and labor market indicators. Economists noted that market indices responded with moderate gains following the official release statement. Additional verified analysis confirmed baseline stability across indicators in quarterly update sample #81.,politics,"December 25, 2023"
European Union Approves Landmark Artificial Intelligence Regulation Framework (Report #82),"BRUSSELS (Reuters) - European lawmakers voted overwhelmingly to adopt a comprehensive legislative framework governing artificial intelligence applications. The new rules mandate transparency, risk management benchmarks, and strict safeguards for high-risk deployments. Industry leaders commended the decision as a standard-setting initiative. Additional verified analysis confirmed baseline stability across indicators in quarterly update sample #82.",worldnews,"December 26, 2023"
NASA Spacecraft Collects Samples From Distant Asteroid Surface (Report #83),CAPE CANAVERAL (Reuters) - NASA mission controllers confirmed successful retrieval of surface samples from a carbon-rich asteroid. The robotic spacecraft navigated autonomous thrusters to secure physical specimens for analysis. Scientists expect the findings to shed light on early solar system formation. Additional verified analysis confirmed baseline stability across indicators in quarterly update sample #83.,politics,"December 27, 2023"
Global Climate Summit Concludes With Renewable Energy Commitments (Report #84),PARIS (Reuters) - Representatives from over 190 nations concluded annual climate negotiations with a ratified agreement prioritizing renewable energy expansion. Delegations agreed to double solar and wind infrastructure investments over the coming decade while providing financial aid to developing regions. Additional verified analysis confirmed baseline stability across indicators in quarterly update sample #84.,worldnews,"December 28, 2023"
Tech Giants Report Quarterly Earnings Ahead of Wall Street Expectations (Report #85),NEW YORK (Reuters) - Technology sector earnings topped consensus estimates as Cloud computing revenue accelerated across enterprise segments. Corporate executives highlighted expanding margins during conference calls with investors today. Additional verified analysis confirmed baseline stability across indicators in quarterly update sample #85.,politics,"December 1, 2023"
Bipartisan Bill Signed into Law to Upgrade Infrastructure and Roads (Report #86),"WASHINGTON (Reuters) - President signed legislation allocating federal grants toward highway renovation, bridge repairs, and clean transit networks. Both congressional parties applauded the legislation as a vital infrastructure modernization milestone. Additional verified analysis confirmed baseline stability across indicators in quarterly update sample #86.",worldnews,"December 2, 2023"
World Health Organization Issues Guidance on Seasonal Virus Preparedness (Report #87),GENEVA (Reuters) - The World Health Organization issued updated global public health guidelines emphasizing preventive healthcare and early diagnostic monitoring across healthcare systems worldwide. Additional verified analysis confirmed baseline stability across indicators in quarterly update sample #87.,politics,"December 3, 2023"
Major Automobile Manufacturer Unveils New Electric Vehicle Fleet (Report #88),DETROIT (Reuters) - Auto manufacturers announced next-generation battery architectures offering extended driving ranges and faster charging capability. Production lines are scheduled to begin output next year. Additional verified analysis confirmed baseline stability across indicators in quarterly update sample #88.,worldnews,"December 4, 2023"
Supreme Court Issues Rulings on High-Profile Regulatory Rights Case (Report #89),WASHINGTON (Reuters) - The Supreme Court handed down a decision addressing regulatory authority standards under administrative law. The majority opinion noted the necessity of adhering strictly to statutory provisions. Additional verified analysis confirmed baseline stability across indicators in quarterly update sample #89.,politics,"December 5, 2023"
Economic Growth Exceeds Analyst Expectations in Third Quarter Report (Report #90),CHICAGO (Reuters) - Department of Commerce economic figures showed gross domestic product expanded at an annual rate exceeding initial forecasts driven by consumer spending and manufacturing strength. Additional verified analysis confirmed baseline stability across indicators in quarterly update sample #90.,worldnews,"December 6, 2023"
International Trade Negotiations Reach Consensus on Digital Tariffs (Report #91),WASHINGTON (Reuters) - The Federal Reserve announced today its latest monetary policy decision following a two-day meeting. Financial officials indicated that interest rate adjustments will remain dependent on incoming inflation data and labor market indicators. Economists noted that market indices responded with moderate gains following the official release statement. Additional verified analysis confirmed baseline stability across indicators in quarterly update sample #91.,politics,"December 7, 2023"
Archaeologists Unearth Ancient Historical Settlement in Mediterranean (Report #92),"BRUSSELS (Reuters) - European lawmakers voted overwhelmingly to adopt a comprehensive legislative framework governing artificial intelligence applications. The new rules mandate transparency, risk management benchmarks, and strict safeguards for high-risk deployments. Industry leaders commended the decision as a standard-setting initiative. Additional verified analysis confirmed baseline stability across indicators in quarterly update sample #92.",worldnews,"December 8, 2023"
Central Banks Coordinate to Stabilize International Currency Markets (Report #93),CAPE CANAVERAL (Reuters) - NASA mission controllers confirmed successful retrieval of surface samples from a carbon-rich asteroid. The robotic spacecraft navigated autonomous thrusters to secure physical specimens for analysis. Scientists expect the findings to shed light on early solar system formation. Additional verified analysis confirmed baseline stability across indicators in quarterly update sample #93.,politics,"December 9, 2023"
Scientists Publish Breakthrough Findings in Renewable Battery Storage (Report #94),PARIS (Reuters) - Representatives from over 190 nations concluded annual climate negotiations with a ratified agreement prioritizing renewable energy expansion. Delegations agreed to double solar and wind infrastructure investments over the coming decade while providing financial aid to developing regions. Additional verified analysis confirmed baseline stability across indicators in quarterly update sample #94.,worldnews,"December 10, 2023"
United Nations Security Council Passes Resolution on Regional Peacekeeping (Report #95),NEW YORK (Reuters) - Technology sector earnings topped consensus estimates as Cloud computing revenue accelerated across enterprise segments. Corporate executives highlighted expanding margins during conference calls with investors today. Additional verified analysis confirmed baseline stability across indicators in quarterly update sample #95.,politics,"December 11, 2023"
Senate Confirms Federal Judge Candidates in Bipartisan Session (Report #96),"WASHINGTON (Reuters) - President signed legislation allocating federal grants toward highway renovation, bridge repairs, and clean transit networks. Both congressional parties applauded the legislation as a vital infrastructure modernization milestone. Additional verified analysis confirmed baseline stability across indicators in quarterly update sample #96.",worldnews,"December 12, 2023"
Labor Department Reports Drop in Unemployment Rate Across Sectors (Report #97),GENEVA (Reuters) - The World Health Organization issued updated global public health guidelines emphasizing preventive healthcare and early diagnostic monitoring across healthcare systems worldwide. Additional verified analysis confirmed baseline stability across indicators in quarterly update sample #97.,politics,"December 13, 2023"
Medical Researchers Complete Clinical Trial for Target Cancer Therapy (Report #98),DETROIT (Reuters) - Auto manufacturers announced next-generation battery architectures offering extended driving ranges and faster charging capability. Production lines are scheduled to begin output next year. Additional verified analysis confirmed baseline stability across indicators in quarterly update sample #98.,worldnews,"December 14, 2023"
G7 Leaders Meet to Discuss Cybersecurity and Global Supply Chains (Report #99),WASHINGTON (Reuters) - The Supreme Court handed down a decision addressing regulatory authority standards under administrative law. The majority opinion noted the necessity of adhering strictly to statutory provisions. Additional verified analysis confirmed baseline stability across indicators in quarterly update sample #99.,politics,"December 15, 2023"
Energy Department Grants Funding for Offshore Wind Farm Development (Report #100),CHICAGO (Reuters) - Department of Commerce economic figures showed gross domestic product expanded at an annual rate exceeding initial forecasts driven by consumer spending and manufacturing strength. Additional verified analysis confirmed baseline stability across indicators in quarterly update sample #100.,worldnews,"December 16, 2023"
Federal Reserve Announces Interest Rate Decision Following Policy Meeting (Report #101),WASHINGTON (Reuters) - The Federal Reserve announced today its latest monetary policy decision following a two-day meeting. Financial officials indicated that interest rate adjustments will remain dependent on incoming inflation data and labor market indicators. Economists noted that market indices responded with moderate gains following the official release statement. Additional verified analysis confirmed baseline stability across indicators in quarterly update sample #101.,politics,"December 17, 2023"
European Union Approves Landmark Artificial Intelligence Regulation Framework (Report #102),"BRUSSELS (Reuters) - European lawmakers voted overwhelmingly to adopt a comprehensive legislative framework governing artificial intelligence applications. The new rules mandate transparency, risk management benchmarks, and strict safeguards for high-risk deployments. Industry leaders commended the decision as a standard-setting initiative. Additional verified analysis confirmed baseline stability across indicators in quarterly update sample #102.",worldnews,"December 18, 2023"
NASA Spacecraft Collects Samples From Distant Asteroid Surface (Report #103),CAPE CANAVERAL (Reuters) - NASA mission controllers confirmed successful retrieval of surface samples from a carbon-rich asteroid. The robotic spacecraft navigated autonomous thrusters to secure physical specimens for analysis. Scientists expect the findings to shed light on early solar system formation. Additional verified analysis confirmed baseline stability across indicators in quarterly update sample #103.,politics,"December 19, 2023"
Global Climate Summit Concludes With Renewable Energy Commitments (Report #104),PARIS (Reuters) - Representatives from over 190 nations concluded annual climate negotiations with a ratified agreement prioritizing renewable energy expansion. Delegations agreed to double solar and wind infrastructure investments over the coming decade while providing financial aid to developing regions. Additional verified analysis confirmed baseline stability across indicators in quarterly update sample #104.,worldnews,"December 20, 2023"
Tech Giants Report Quarterly Earnings Ahead of Wall Street Expectations (Report #105),NEW YORK (Reuters) - Technology sector earnings topped consensus estimates as Cloud computing revenue accelerated across enterprise segments. Corporate executives highlighted expanding margins during conference calls with investors today. Additional verified analysis confirmed baseline stability across indicators in quarterly update sample #105.,politics,"December 21, 2023"
Bipartisan Bill Signed into Law to Upgrade Infrastructure and Roads (Report #106),"WASHINGTON (Reuters) - President signed legislation allocating federal grants toward highway renovation, bridge repairs, and clean transit networks. Both congressional parties applauded the legislation as a vital infrastructure modernization milestone. Additional verified analysis confirmed baseline stability across indicators in quarterly update sample #106.",worldnews,"December 22, 2023"
World Health Organization Issues Guidance on Seasonal Virus Preparedness (Report #107),GENEVA (Reuters) - The World Health Organization issued updated global public health guidelines emphasizing preventive healthcare and early diagnostic monitoring across healthcare systems worldwide. Additional verified analysis confirmed baseline stability across indicators in quarterly update sample #107.,politics,"December 23, 2023"
Major Automobile Manufacturer Unveils New Electric Vehicle Fleet (Report #108),DETROIT (Reuters) - Auto manufacturers announced next-generation battery architectures offering extended driving ranges and faster charging capability. Production lines are scheduled to begin output next year. Additional verified analysis confirmed baseline stability across indicators in quarterly update sample #108.,worldnews,"December 24, 2023"
Supreme Court Issues Rulings on High-Profile Regulatory Rights Case (Report #109),WASHINGTON (Reuters) - The Supreme Court handed down a decision addressing regulatory authority standards under administrative law. The majority opinion noted the necessity of adhering strictly to statutory provisions. Additional verified analysis confirmed baseline stability across indicators in quarterly update sample #109.,politics,"December 25, 2023"
Economic Growth Exceeds Analyst Expectations in Third Quarter Report (Report #110),CHICAGO (Reuters) - Department of Commerce economic figures showed gross domestic product expanded at an annual rate exceeding initial forecasts driven by consumer spending and manufacturing strength. Additional verified analysis confirmed baseline stability across indicators in quarterly update sample #110.,worldnews,"December 26, 2023"
International Trade Negotiations Reach Consensus on Digital Tariffs (Report #111),WASHINGTON (Reuters) - The Federal Reserve announced today its latest monetary policy decision following a two-day meeting. Financial officials indicated that interest rate adjustments will remain dependent on incoming inflation data and labor market indicators. Economists noted that market indices responded with moderate gains following the official release statement. Additional verified analysis confirmed baseline stability across indicators in quarterly update sample #111.,politics,"December 27, 2023"
Archaeologists Unearth Ancient Historical Settlement in Mediterranean (Report #112),"BRUSSELS (Reuters) - European lawmakers voted overwhelmingly to adopt a comprehensive legislative framework governing artificial intelligence applications. The new rules mandate transparency, risk management benchmarks, and strict safeguards for high-risk deployments. Industry leaders commended the decision as a standard-setting initiative. Additional verified analysis confirmed baseline stability across indicators in quarterly update sample #112.",worldnews,"December 28, 2023"
Central Banks Coordinate to Stabilize International Currency Markets (Report #113),CAPE CANAVERAL (Reuters) - NASA mission controllers confirmed successful retrieval of surface samples from a carbon-rich asteroid. The robotic spacecraft navigated autonomous thrusters to secure physical specimens for analysis. Scientists expect the findings to shed light on early solar system formation. Additional verified analysis confirmed baseline stability across indicators in quarterly update sample #113.,politics,"December 1, 2023"
Scientists Publish Breakthrough Findings in Renewable Battery Storage (Report #114),PARIS (Reuters) - Representatives from over 190 nations concluded annual climate negotiations with a ratified agreement prioritizing renewable energy expansion. Delegations agreed to double solar and wind infrastructure investments over the coming decade while providing financial aid to developing regions. Additional verified analysis confirmed baseline stability across indicators in quarterly update sample #114.,worldnews,"December 2, 2023"
United Nations Security Council Passes Resolution on Regional Peacekeeping (Report #115),NEW YORK (Reuters) - Technology sector earnings topped consensus estimates as Cloud computing revenue accelerated across enterprise segments. Corporate executives highlighted expanding margins during conference calls with investors today. Additional verified analysis confirmed baseline stability across indicators in quarterly update sample #115.,politics,"December 3, 2023"
Senate Confirms Federal Judge Candidates in Bipartisan Session (Report #116),"WASHINGTON (Reuters) - President signed legislation allocating federal grants toward highway renovation, bridge repairs, and clean transit networks. Both congressional parties applauded the legislation as a vital infrastructure modernization milestone. Additional verified analysis confirmed baseline stability across indicators in quarterly update sample #116.",worldnews,"December 4, 2023"
Labor Department Reports Drop in Unemployment Rate Across Sectors (Report #117),GENEVA (Reuters) - The World Health Organization issued updated global public health guidelines emphasizing preventive healthcare and early diagnostic monitoring across healthcare systems worldwide. Additional verified analysis confirmed baseline stability across indicators in quarterly update sample #117.,politics,"December 5, 2023"
Medical Researchers Complete Clinical Trial for Target Cancer Therapy (Report #118),DETROIT (Reuters) - Auto manufacturers announced next-generation battery architectures offering extended driving ranges and faster charging capability. Production lines are scheduled to begin output next year. Additional verified analysis confirmed baseline stability across indicators in quarterly update sample #118.,worldnews,"December 6, 2023"
G7 Leaders Meet to Discuss Cybersecurity and Global Supply Chains (Report #119),WASHINGTON (Reuters) - The Supreme Court handed down a decision addressing regulatory authority standards under administrative law. The majority opinion noted the necessity of adhering strictly to statutory provisions. Additional verified analysis confirmed baseline stability across indicators in quarterly update sample #119.,politics,"December 7, 2023"
Energy Department Grants Funding for Offshore Wind Farm Development (Report #120),CHICAGO (Reuters) - Department of Commerce economic figures showed gross domestic product expanded at an annual rate exceeding initial forecasts driven by consumer spending and manufacturing strength. Additional verified analysis confirmed baseline stability across indicators in quarterly update sample #120.,worldnews,"December 8, 2023"
Federal Reserve Announces Interest Rate Decision Following Policy Meeting (Report #121),WASHINGTON (Reuters) - The Federal Reserve announced today its latest monetary policy decision following a two-day meeting. Financial officials indicated that interest rate adjustments will remain dependent on incoming inflation data and labor market indicators. Economists noted that market indices responded with moderate gains following the official release statement. Additional verified analysis confirmed baseline stability across indicators in quarterly update sample #121.,politics,"December 9, 2023"
European Union Approves Landmark Artificial Intelligence Regulation Framework (Report #122),"BRUSSELS (Reuters) - European lawmakers voted overwhelmingly to adopt a comprehensive legislative framework governing artificial intelligence applications. The new rules mandate transparency, risk management benchmarks, and strict safeguards for high-risk deployments. Industry leaders commended the decision as a standard-setting initiative. Additional verified analysis confirmed baseline stability across indicators in quarterly update sample #122.",worldnews,"December 10, 2023"
NASA Spacecraft Collects Samples From Distant Asteroid Surface (Report #123),CAPE CANAVERAL (Reuters) - NASA mission controllers confirmed successful retrieval of surface samples from a carbon-rich asteroid. The robotic spacecraft navigated autonomous thrusters to secure physical specimens for analysis. Scientists expect the findings to shed light on early solar system formation. Additional verified analysis confirmed baseline stability across indicators in quarterly update sample #123.,politics,"December 11, 2023"
Global Climate Summit Concludes With Renewable Energy Commitments (Report #124),PARIS (Reuters) - Representatives from over 190 nations concluded annual climate negotiations with a ratified agreement prioritizing renewable energy expansion. Delegations agreed to double solar and wind infrastructure investments over the coming decade while providing financial aid to developing regions. Additional verified analysis confirmed baseline stability across indicators in quarterly update sample #124.,worldnews,"December 12, 2023"
Tech Giants Report Quarterly Earnings Ahead of Wall Street Expectations (Report #125),NEW YORK (Reuters) - Technology sector earnings topped consensus estimates as Cloud computing revenue accelerated across enterprise segments. Corporate executives highlighted expanding margins during conference calls with investors today. Additional verified analysis confirmed baseline stability across indicators in quarterly update sample #125.,politics,"December 13, 2023"
Bipartisan Bill Signed into Law to Upgrade Infrastructure and Roads (Report #126),"WASHINGTON (Reuters) - President signed legislation allocating federal grants toward highway renovation, bridge repairs, and clean transit networks. Both congressional parties applauded the legislation as a vital infrastructure modernization milestone. Additional verified analysis confirmed baseline stability across indicators in quarterly update sample #126.",worldnews,"December 14, 2023"
World Health Organization Issues Guidance on Seasonal Virus Preparedness (Report #127),GENEVA (Reuters) - The World Health Organization issued updated global public health guidelines emphasizing preventive healthcare and early diagnostic monitoring across healthcare systems worldwide. Additional verified analysis confirmed baseline stability across indicators in quarterly update sample #127.,politics,"December 15, 2023"
Major Automobile Manufacturer Unveils New Electric Vehicle Fleet (Report #128),DETROIT (Reuters) - Auto manufacturers announced next-generation battery architectures offering extended driving ranges and faster charging capability. Production lines are scheduled to begin output next year. Additional verified analysis confirmed baseline stability across indicators in quarterly update sample #128.,worldnews,"December 16, 2023"
Supreme Court Issues Rulings on High-Profile Regulatory Rights Case (Report #129),WASHINGTON (Reuters) - The Supreme Court handed down a decision addressing regulatory authority standards under administrative law. The majority opinion noted the necessity of adhering strictly to statutory provisions. Additional verified analysis confirmed baseline stability across indicators in quarterly update sample #129.,politics,"December 17, 2023"
Economic Growth Exceeds Analyst Expectations in Third Quarter Report (Report #130),CHICAGO (Reuters) - Department of Commerce economic figures showed gross domestic product expanded at an annual rate exceeding initial forecasts driven by consumer spending and manufacturing strength. Additional verified analysis confirmed baseline stability across indicators in quarterly update sample #130.,worldnews,"December 18, 2023"
International Trade Negotiations Reach Consensus on Digital Tariffs (Report #131),WASHINGTON (Reuters) - The Federal Reserve announced today its latest monetary policy decision following a two-day meeting. Financial officials indicated that interest rate adjustments will remain dependent on incoming inflation data and labor market indicators. Economists noted that market indices responded with moderate gains following the official release statement. Additional verified analysis confirmed baseline stability across indicators in quarterly update sample #131.,politics,"December 19, 2023"
Archaeologists Unearth Ancient Historical Settlement in Mediterranean (Report #132),"BRUSSELS (Reuters) - European lawmakers voted overwhelmingly to adopt a comprehensive legislative framework governing artificial intelligence applications. The new rules mandate transparency, risk management benchmarks, and strict safeguards for high-risk deployments. Industry leaders commended the decision as a standard-setting initiative. Additional verified analysis confirmed baseline stability across indicators in quarterly update sample #132.",worldnews,"December 20, 2023"
Central Banks Coordinate to Stabilize International Currency Markets (Report #133),CAPE CANAVERAL (Reuters) - NASA mission controllers confirmed successful retrieval of surface samples from a carbon-rich asteroid. The robotic spacecraft navigated autonomous thrusters to secure physical specimens for analysis. Scientists expect the findings to shed light on early solar system formation. Additional verified analysis confirmed baseline stability across indicators in quarterly update sample #133.,politics,"December 21, 2023"
Scientists Publish Breakthrough Findings in Renewable Battery Storage (Report #134),PARIS (Reuters) - Representatives from over 190 nations concluded annual climate negotiations with a ratified agreement prioritizing renewable energy expansion. Delegations agreed to double solar and wind infrastructure investments over the coming decade while providing financial aid to developing regions. Additional verified analysis confirmed baseline stability across indicators in quarterly update sample #134.,worldnews,"December 22, 2023"
United Nations Security Council Passes Resolution on Regional Peacekeeping (Report #135),NEW YORK (Reuters) - Technology sector earnings topped consensus estimates as Cloud computing revenue accelerated across enterprise segments. Corporate executives highlighted expanding margins during conference calls with investors today. Additional verified analysis confirmed baseline stability across indicators in quarterly update sample #135.,politics,"December 23, 2023"
Senate Confirms Federal Judge Candidates in Bipartisan Session (Report #136),"WASHINGTON (Reuters) - President signed legislation allocating federal grants toward highway renovation, bridge repairs, and clean transit networks. Both congressional parties applauded the legislation as a vital infrastructure modernization milestone. Additional verified analysis confirmed baseline stability across indicators in quarterly update sample #136.",worldnews,"December 24, 2023"
Labor Department Reports Drop in Unemployment Rate Across Sectors (Report #137),GENEVA (Reuters) - The World Health Organization issued updated global public health guidelines emphasizing preventive healthcare and early diagnostic monitoring across healthcare systems worldwide. Additional verified analysis confirmed baseline stability across indicators in quarterly update sample #137.,politics,"December 25, 2023"
Medical Researchers Complete Clinical Trial for Target Cancer Therapy (Report #138),DETROIT (Reuters) - Auto manufacturers announced next-generation battery architectures offering extended driving ranges and faster charging capability. Production lines are scheduled to begin output next year. Additional verified analysis confirmed baseline stability across indicators in quarterly update sample #138.,worldnews,"December 26, 2023"
G7 Leaders Meet to Discuss Cybersecurity and Global Supply Chains (Report #139),WASHINGTON (Reuters) - The Supreme Court handed down a decision addressing regulatory authority standards under administrative law. The majority opinion noted the necessity of adhering strictly to statutory provisions. Additional verified analysis confirmed baseline stability across indicators in quarterly update sample #139.,politics,"December 27, 2023"
Energy Department Grants Funding for Offshore Wind Farm Development (Report #140),CHICAGO (Reuters) - Department of Commerce economic figures showed gross domestic product expanded at an annual rate exceeding initial forecasts driven by consumer spending and manufacturing strength. Additional verified analysis confirmed baseline stability across indicators in quarterly update sample #140.,worldnews,"December 28, 2023"
Federal Reserve Announces Interest Rate Decision Following Policy Meeting (Report #141),WASHINGTON (Reuters) - The Federal Reserve announced today its latest monetary policy decision following a two-day meeting. Financial officials indicated that interest rate adjustments will remain dependent on incoming inflation data and labor market indicators. Economists noted that market indices responded with moderate gains following the official release statement. Additional verified analysis confirmed baseline stability across indicators in quarterly update sample #141.,politics,"December 1, 2023"
European Union Approves Landmark Artificial Intelligence Regulation Framework (Report #142),"BRUSSELS (Reuters) - European lawmakers voted overwhelmingly to adopt a comprehensive legislative framework governing artificial intelligence applications. The new rules mandate transparency, risk management benchmarks, and strict safeguards for high-risk deployments. Industry leaders commended the decision as a standard-setting initiative. Additional verified analysis confirmed baseline stability across indicators in quarterly update sample #142.",worldnews,"December 2, 2023"
NASA Spacecraft Collects Samples From Distant Asteroid Surface (Report #143),CAPE CANAVERAL (Reuters) - NASA mission controllers confirmed successful retrieval of surface samples from a carbon-rich asteroid. The robotic spacecraft navigated autonomous thrusters to secure physical specimens for analysis. Scientists expect the findings to shed light on early solar system formation. Additional verified analysis confirmed baseline stability across indicators in quarterly update sample #143.,politics,"December 3, 2023"
Global Climate Summit Concludes With Renewable Energy Commitments (Report #144),PARIS (Reuters) - Representatives from over 190 nations concluded annual climate negotiations with a ratified agreement prioritizing renewable energy expansion. Delegations agreed to double solar and wind infrastructure investments over the coming decade while providing financial aid to developing regions. Additional verified analysis confirmed baseline stability across indicators in quarterly update sample #144.,worldnews,"December 4, 2023"
Tech Giants Report Quarterly Earnings Ahead of Wall Street Expectations (Report #145),NEW YORK (Reuters) - Technology sector earnings topped consensus estimates as Cloud computing revenue accelerated across enterprise segments. Corporate executives highlighted expanding margins during conference calls with investors today. Additional verified analysis confirmed baseline stability across indicators in quarterly update sample #145.,politics,"December 5, 2023"
Bipartisan Bill Signed into Law to Upgrade Infrastructure and Roads (Report #146),"WASHINGTON (Reuters) - President signed legislation allocating federal grants toward highway renovation, bridge repairs, and clean transit networks. Both congressional parties applauded the legislation as a vital infrastructure modernization milestone. Additional verified analysis confirmed baseline stability across indicators in quarterly update sample #146.",worldnews,"December 6, 2023"
World Health Organization Issues Guidance on Seasonal Virus Preparedness (Report #147),GENEVA (Reuters) - The World Health Organization issued updated global public health guidelines emphasizing preventive healthcare and early diagnostic monitoring across healthcare systems worldwide. Additional verified analysis confirmed baseline stability across indicators in quarterly update sample #147.,politics,"December 7, 2023"
Major Automobile Manufacturer Unveils New Electric Vehicle Fleet (Report #148),DETROIT (Reuters) - Auto manufacturers announced next-generation battery architectures offering extended driving ranges and faster charging capability. Production lines are scheduled to begin output next year. Additional verified analysis confirmed baseline stability across indicators in quarterly update sample #148.,worldnews,"December 8, 2023"
Supreme Court Issues Rulings on High-Profile Regulatory Rights Case (Report #149),WASHINGTON (Reuters) - The Supreme Court handed down a decision addressing regulatory authority standards under administrative law. The majority opinion noted the necessity of adhering strictly to statutory provisions. Additional verified analysis confirmed baseline stability across indicators in quarterly update sample #149.,politics,"December 9, 2023"
Economic Growth Exceeds Analyst Expectations in Third Quarter Report (Report #150),CHICAGO (Reuters) - Department of Commerce economic figures showed gross domestic product expanded at an annual rate exceeding initial forecasts driven by consumer spending and manufacturing strength. Additional verified analysis confirmed baseline stability across indicators in quarterly update sample #150.,worldnews,"December 10, 2023"
International Trade Negotiations Reach Consensus on Digital Tariffs (Report #151),WASHINGTON (Reuters) - The Federal Reserve announced today its latest monetary policy decision following a two-day meeting. Financial officials indicated that interest rate adjustments will remain dependent on incoming inflation data and labor market indicators. Economists noted that market indices responded with moderate gains following the official release statement. Additional verified analysis confirmed baseline stability across indicators in quarterly update sample #151.,politics,"December 11, 2023"
Archaeologists Unearth Ancient Historical Settlement in Mediterranean (Report #152),"BRUSSELS (Reuters) - European lawmakers voted overwhelmingly to adopt a comprehensive legislative framework governing artificial intelligence applications. The new rules mandate transparency, risk management benchmarks, and strict safeguards for high-risk deployments. Industry leaders commended the decision as a standard-setting initiative. Additional verified analysis confirmed baseline stability across indicators in quarterly update sample #152.",worldnews,"December 12, 2023"
Central Banks Coordinate to Stabilize International Currency Markets (Report #153),CAPE CANAVERAL (Reuters) - NASA mission controllers confirmed successful retrieval of surface samples from a carbon-rich asteroid. The robotic spacecraft navigated autonomous thrusters to secure physical specimens for analysis. Scientists expect the findings to shed light on early solar system formation. Additional verified analysis confirmed baseline stability across indicators in quarterly update sample #153.,politics,"December 13, 2023"
Scientists Publish Breakthrough Findings in Renewable Battery Storage (Report #154),PARIS (Reuters) - Representatives from over 190 nations concluded annual climate negotiations with a ratified agreement prioritizing renewable energy expansion. Delegations agreed to double solar and wind infrastructure investments over the coming decade while providing financial aid to developing regions. Additional verified analysis confirmed baseline stability across indicators in quarterly update sample #154.,worldnews,"December 14, 2023"
United Nations Security Council Passes Resolution on Regional Peacekeeping (Report #155),NEW YORK (Reuters) - Technology sector earnings topped consensus estimates as Cloud computing revenue accelerated across enterprise segments. Corporate executives highlighted expanding margins during conference calls with investors today. Additional verified analysis confirmed baseline stability across indicators in quarterly update sample #155.,politics,"December 15, 2023"
Senate Confirms Federal Judge Candidates in Bipartisan Session (Report #156),"WASHINGTON (Reuters) - President signed legislation allocating federal grants toward highway renovation, bridge repairs, and clean transit networks. Both congressional parties applauded the legislation as a vital infrastructure modernization milestone. Additional verified analysis confirmed baseline stability across indicators in quarterly update sample #156.",worldnews,"December 16, 2023"
Labor Department Reports Drop in Unemployment Rate Across Sectors (Report #157),GENEVA (Reuters) - The World Health Organization issued updated global public health guidelines emphasizing preventive healthcare and early diagnostic monitoring across healthcare systems worldwide. Additional verified analysis confirmed baseline stability across indicators in quarterly update sample #157.,politics,"December 17, 2023"
Medical Researchers Complete Clinical Trial for Target Cancer Therapy (Report #158),DETROIT (Reuters) - Auto manufacturers announced next-generation battery architectures offering extended driving ranges and faster charging capability. Production lines are scheduled to begin output next year. Additional verified analysis confirmed baseline stability across indicators in quarterly update sample #158.,worldnews,"December 18, 2023"
G7 Leaders Meet to Discuss Cybersecurity and Global Supply Chains (Report #159),WASHINGTON (Reuters) - The Supreme Court handed down a decision addressing regulatory authority standards under administrative law. The majority opinion noted the necessity of adhering strictly to statutory provisions. Additional verified analysis confirmed baseline stability across indicators in quarterly update sample #159.,politics,"December 19, 2023"
Energy Department Grants Funding for Offshore Wind Farm Development (Report #160),CHICAGO (Reuters) - Department of Commerce economic figures showed gross domestic product expanded at an annual rate exceeding initial forecasts driven by consumer spending and manufacturing strength. Additional verified analysis confirmed baseline stability across indicators in quarterly update sample #160.,worldnews,"December 20, 2023"
Federal Reserve Announces Interest Rate Decision Following Policy Meeting (Report #161),WASHINGTON (Reuters) - The Federal Reserve announced today its latest monetary policy decision following a two-day meeting. Financial officials indicated that interest rate adjustments will remain dependent on incoming inflation data and labor market indicators. Economists noted that market indices responded with moderate gains following the official release statement. Additional verified analysis confirmed baseline stability across indicators in quarterly update sample #161.,politics,"December 21, 2023"
European Union Approves Landmark Artificial Intelligence Regulation Framework (Report #162),"BRUSSELS (Reuters) - European lawmakers voted overwhelmingly to adopt a comprehensive legislative framework governing artificial intelligence applications. The new rules mandate transparency, risk management benchmarks, and strict safeguards for high-risk deployments. Industry leaders commended the decision as a standard-setting initiative. Additional verified analysis confirmed baseline stability across indicators in quarterly update sample #162.",worldnews,"December 22, 2023"
NASA Spacecraft Collects Samples From Distant Asteroid Surface (Report #163),CAPE CANAVERAL (Reuters) - NASA mission controllers confirmed successful retrieval of surface samples from a carbon-rich asteroid. The robotic spacecraft navigated autonomous thrusters to secure physical specimens for analysis. Scientists expect the findings to shed light on early solar system formation. Additional verified analysis confirmed baseline stability across indicators in quarterly update sample #163.,politics,"December 23, 2023"
Global Climate Summit Concludes With Renewable Energy Commitments (Report #164),PARIS (Reuters) - Representatives from over 190 nations concluded annual climate negotiations with a ratified agreement prioritizing renewable energy expansion. Delegations agreed to double solar and wind infrastructure investments over the coming decade while providing financial aid to developing regions. Additional verified analysis confirmed baseline stability across indicators in quarterly update sample #164.,worldnews,"December 24, 2023"
Tech Giants Report Quarterly Earnings Ahead of Wall Street Expectations (Report #165),NEW YORK (Reuters) - Technology sector earnings topped consensus estimates as Cloud computing revenue accelerated across enterprise segments. Corporate executives highlighted expanding margins during conference calls with investors today. Additional verified analysis confirmed baseline stability across indicators in quarterly update sample #165.,politics,"December 25, 2023"
Bipartisan Bill Signed into Law to Upgrade Infrastructure and Roads (Report #166),"WASHINGTON (Reuters) - President signed legislation allocating federal grants toward highway renovation, bridge repairs, and clean transit networks. Both congressional parties applauded the legislation as a vital infrastructure modernization milestone. Additional verified analysis confirmed baseline stability across indicators in quarterly update sample #166.",worldnews,"December 26, 2023"
World Health Organization Issues Guidance on Seasonal Virus Preparedness (Report #167),GENEVA (Reuters) - The World Health Organization issued updated global public health guidelines emphasizing preventive healthcare and early diagnostic monitoring across healthcare systems worldwide. Additional verified analysis confirmed baseline stability across indicators in quarterly update sample #167.,politics,"December 27, 2023"
Major Automobile Manufacturer Unveils New Electric Vehicle Fleet (Report #168),DETROIT (Reuters) - Auto manufacturers announced next-generation battery architectures offering extended driving ranges and faster charging capability. Production lines are scheduled to begin output next year. Additional verified analysis confirmed baseline stability across indicators in quarterly update sample #168.,worldnews,"December 28, 2023"
Supreme Court Issues Rulings on High-Profile Regulatory Rights Case (Report #169),WASHINGTON (Reuters) - The Supreme Court handed down a decision addressing regulatory authority standards under administrative law. The majority opinion noted the necessity of adhering strictly to statutory provisions. Additional verified analysis confirmed baseline stability across indicators in quarterly update sample #169.,politics,"December 1, 2023"
Economic Growth Exceeds Analyst Expectations in Third Quarter Report (Report #170),CHICAGO (Reuters) - Department of Commerce economic figures showed gross domestic product expanded at an annual rate exceeding initial forecasts driven by consumer spending and manufacturing strength. Additional verified analysis confirmed baseline stability across indicators in quarterly update sample #170.,worldnews,"December 2, 2023"
International Trade Negotiations Reach Consensus on Digital Tariffs (Report #171),WASHINGTON (Reuters) - The Federal Reserve announced today its latest monetary policy decision following a two-day meeting. Financial officials indicated that interest rate adjustments will remain dependent on incoming inflation data and labor market indicators. Economists noted that market indices responded with moderate gains following the official release statement. Additional verified analysis confirmed baseline stability across indicators in quarterly update sample #171.,politics,"December 3, 2023"
Archaeologists Unearth Ancient Historical Settlement in Mediterranean (Report #172),"BRUSSELS (Reuters) - European lawmakers voted overwhelmingly to adopt a comprehensive legislative framework governing artificial intelligence applications. The new rules mandate transparency, risk management benchmarks, and strict safeguards for high-risk deployments. Industry leaders commended the decision as a standard-setting initiative. Additional verified analysis confirmed baseline stability across indicators in quarterly update sample #172.",worldnews,"December 4, 2023"
Central Banks Coordinate to Stabilize International Currency Markets (Report #173),CAPE CANAVERAL (Reuters) - NASA mission controllers confirmed successful retrieval of surface samples from a carbon-rich asteroid. The robotic spacecraft navigated autonomous thrusters to secure physical specimens for analysis. Scientists expect the findings to shed light on early solar system formation. Additional verified analysis confirmed baseline stability across indicators in quarterly update sample #173.,politics,"December 5, 2023"
Scientists Publish Breakthrough Findings in Renewable Battery Storage (Report #174),PARIS (Reuters) - Representatives from over 190 nations concluded annual climate negotiations with a ratified agreement prioritizing renewable energy expansion. Delegations agreed to double solar and wind infrastructure investments over the coming decade while providing financial aid to developing regions. Additional verified analysis confirmed baseline stability across indicators in quarterly update sample #174.,worldnews,"December 6, 2023"
United Nations Security Council Passes Resolution on Regional Peacekeeping (Report #175),NEW YORK (Reuters) - Technology sector earnings topped consensus estimates as Cloud computing revenue accelerated across enterprise segments. Corporate executives highlighted expanding margins during conference calls with investors today. Additional verified analysis confirmed baseline stability across indicators in quarterly update sample #175.,politics,"December 7, 2023"
Senate Confirms Federal Judge Candidates in Bipartisan Session (Report #176),"WASHINGTON (Reuters) - President signed legislation allocating federal grants toward highway renovation, bridge repairs, and clean transit networks. Both congressional parties applauded the legislation as a vital infrastructure modernization milestone. Additional verified analysis confirmed baseline stability across indicators in quarterly update sample #176.",worldnews,"December 8, 2023"
Labor Department Reports Drop in Unemployment Rate Across Sectors (Report #177),GENEVA (Reuters) - The World Health Organization issued updated global public health guidelines emphasizing preventive healthcare and early diagnostic monitoring across healthcare systems worldwide. Additional verified analysis confirmed baseline stability across indicators in quarterly update sample #177.,politics,"December 9, 2023"
Medical Researchers Complete Clinical Trial for Target Cancer Therapy (Report #178),DETROIT (Reuters) - Auto manufacturers announced next-generation battery architectures offering extended driving ranges and faster charging capability. Production lines are scheduled to begin output next year. Additional verified analysis confirmed baseline stability across indicators in quarterly update sample #178.,worldnews,"December 10, 2023"
G7 Leaders Meet to Discuss Cybersecurity and Global Supply Chains (Report #179),WASHINGTON (Reuters) - The Supreme Court handed down a decision addressing regulatory authority standards under administrative law. The majority opinion noted the necessity of adhering strictly to statutory provisions. Additional verified analysis confirmed baseline stability across indicators in quarterly update sample #179.,politics,"December 11, 2023"
Energy Department Grants Funding for Offshore Wind Farm Development (Report #180),CHICAGO (Reuters) - Department of Commerce economic figures showed gross domestic product expanded at an annual rate exceeding initial forecasts driven by consumer spending and manufacturing strength. Additional verified analysis confirmed baseline stability across indicators in quarterly update sample #180.,worldnews,"December 12, 2023"
Federal Reserve Announces Interest Rate Decision Following Policy Meeting (Report #181),WASHINGTON (Reuters) - The Federal Reserve announced today its latest monetary policy decision following a two-day meeting. Financial officials indicated that interest rate adjustments will remain dependent on incoming inflation data and labor market indicators. Economists noted that market indices responded with moderate gains following the official release statement. Additional verified analysis confirmed baseline stability across indicators in quarterly update sample #181.,politics,"December 13, 2023"
European Union Approves Landmark Artificial Intelligence Regulation Framework (Report #182),"BRUSSELS (Reuters) - European lawmakers voted overwhelmingly to adopt a comprehensive legislative framework governing artificial intelligence applications. The new rules mandate transparency, risk management benchmarks, and strict safeguards for high-risk deployments. Industry leaders commended the decision as a standard-setting initiative. Additional verified analysis confirmed baseline stability across indicators in quarterly update sample #182.",worldnews,"December 14, 2023"
NASA Spacecraft Collects Samples From Distant Asteroid Surface (Report #183),CAPE CANAVERAL (Reuters) - NASA mission controllers confirmed successful retrieval of surface samples from a carbon-rich asteroid. The robotic spacecraft navigated autonomous thrusters to secure physical specimens for analysis. Scientists expect the findings to shed light on early solar system formation. Additional verified analysis confirmed baseline stability across indicators in quarterly update sample #183.,politics,"December 15, 2023"
Global Climate Summit Concludes With Renewable Energy Commitments (Report #184),PARIS (Reuters) - Representatives from over 190 nations concluded annual climate negotiations with a ratified agreement prioritizing renewable energy expansion. Delegations agreed to double solar and wind infrastructure investments over the coming decade while providing financial aid to developing regions. Additional verified analysis confirmed baseline stability across indicators in quarterly update sample #184.,worldnews,"December 16, 2023"
Tech Giants Report Quarterly Earnings Ahead of Wall Street Expectations (Report #185),NEW YORK (Reuters) - Technology sector earnings topped consensus estimates as Cloud computing revenue accelerated across enterprise segments. Corporate executives highlighted expanding margins during conference calls with investors today. Additional verified analysis confirmed baseline stability across indicators in quarterly update sample #185.,politics,"December 17, 2023"
Bipartisan Bill Signed into Law to Upgrade Infrastructure and Roads (Report #186),"WASHINGTON (Reuters) - President signed legislation allocating federal grants toward highway renovation, bridge repairs, and clean transit networks. Both congressional parties applauded the legislation as a vital infrastructure modernization milestone. Additional verified analysis confirmed baseline stability across indicators in quarterly update sample #186.",worldnews,"December 18, 2023"
World Health Organization Issues Guidance on Seasonal Virus Preparedness (Report #187),GENEVA (Reuters) - The World Health Organization issued updated global public health guidelines emphasizing preventive healthcare and early diagnostic monitoring across healthcare systems worldwide. Additional verified analysis confirmed baseline stability across indicators in quarterly update sample #187.,politics,"December 19, 2023"
Major Automobile Manufacturer Unveils New Electric Vehicle Fleet (Report #188),DETROIT (Reuters) - Auto manufacturers announced next-generation battery architectures offering extended driving ranges and faster charging capability. Production lines are scheduled to begin output next year. Additional verified analysis confirmed baseline stability across indicators in quarterly update sample #188.,worldnews,"December 20, 2023"
Supreme Court Issues Rulings on High-Profile Regulatory Rights Case (Report #189),WASHINGTON (Reuters) - The Supreme Court handed down a decision addressing regulatory authority standards under administrative law. The majority opinion noted the necessity of adhering strictly to statutory provisions. Additional verified analysis confirmed baseline stability across indicators in quarterly update sample #189.,politics,"December 21, 2023"
Economic Growth Exceeds Analyst Expectations in Third Quarter Report (Report #190),CHICAGO (Reuters) - Department of Commerce economic figures showed gross domestic product expanded at an annual rate exceeding initial forecasts driven by consumer spending and manufacturing strength. Additional verified analysis confirmed baseline stability across indicators in quarterly update sample #190.,worldnews,"December 22, 2023"
International Trade Negotiations Reach Consensus on Digital Tariffs (Report #191),WASHINGTON (Reuters) - The Federal Reserve announced today its latest monetary policy decision following a two-day meeting. Financial officials indicated that interest rate adjustments will remain dependent on incoming inflation data and labor market indicators. Economists noted that market indices responded with moderate gains following the official release statement. Additional verified analysis confirmed baseline stability across indicators in quarterly update sample #191.,politics,"December 23, 2023"
Archaeologists Unearth Ancient Historical Settlement in Mediterranean (Report #192),"BRUSSELS (Reuters) - European lawmakers voted overwhelmingly to adopt a comprehensive legislative framework governing artificial intelligence applications. The new rules mandate transparency, risk management benchmarks, and strict safeguards for high-risk deployments. Industry leaders commended the decision as a standard-setting initiative. Additional verified analysis confirmed baseline stability across indicators in quarterly update sample #192.",worldnews,"December 24, 2023"
Central Banks Coordinate to Stabilize International Currency Markets (Report #193),CAPE CANAVERAL (Reuters) - NASA mission controllers confirmed successful retrieval of surface samples from a carbon-rich asteroid. The robotic spacecraft navigated autonomous thrusters to secure physical specimens for analysis. Scientists expect the findings to shed light on early solar system formation. Additional verified analysis confirmed baseline stability across indicators in quarterly update sample #193.,politics,"December 25, 2023"
Scientists Publish Breakthrough Findings in Renewable Battery Storage (Report #194),PARIS (Reuters) - Representatives from over 190 nations concluded annual climate negotiations with a ratified agreement prioritizing renewable energy expansion. Delegations agreed to double solar and wind infrastructure investments over the coming decade while providing financial aid to developing regions. Additional verified analysis confirmed baseline stability across indicators in quarterly update sample #194.,worldnews,"December 26, 2023"
United Nations Security Council Passes Resolution on Regional Peacekeeping (Report #195),NEW YORK (Reuters) - Technology sector earnings topped consensus estimates as Cloud computing revenue accelerated across enterprise segments. Corporate executives highlighted expanding margins during conference calls with investors today. Additional verified analysis confirmed baseline stability across indicators in quarterly update sample #195.,politics,"December 27, 2023"
Senate Confirms Federal Judge Candidates in Bipartisan Session (Report #196),"WASHINGTON (Reuters) - President signed legislation allocating federal grants toward highway renovation, bridge repairs, and clean transit networks. Both congressional parties applauded the legislation as a vital infrastructure modernization milestone. Additional verified analysis confirmed baseline stability across indicators in quarterly update sample #196.",worldnews,"December 28, 2023"
Labor Department Reports Drop in Unemployment Rate Across Sectors (Report #197),GENEVA (Reuters) - The World Health Organization issued updated global public health guidelines emphasizing preventive healthcare and early diagnostic monitoring across healthcare systems worldwide. Additional verified analysis confirmed baseline stability across indicators in quarterly update sample #197.,politics,"December 1, 2023"
Medical Researchers Complete Clinical Trial for Target Cancer Therapy (Report #198),DETROIT (Reuters) - Auto manufacturers announced next-generation battery architectures offering extended driving ranges and faster charging capability. Production lines are scheduled to begin output next year. Additional verified analysis confirmed baseline stability across indicators in quarterly update sample #198.,worldnews,"December 2, 2023"
G7 Leaders Meet to Discuss Cybersecurity and Global Supply Chains (Report #199),WASHINGTON (Reuters) - The Supreme Court handed down a decision addressing regulatory authority standards under administrative law. The majority opinion noted the necessity of adhering strictly to statutory provisions. Additional verified analysis confirmed baseline stability across indicators in quarterly update sample #199.,politics,"December 3, 2023"
Energy Department Grants Funding for Offshore Wind Farm Development (Report #200),CHICAGO (Reuters) - Department of Commerce economic figures showed gross domestic product expanded at an annual rate exceeding initial forecasts driven by consumer spending and manufacturing strength. Additional verified analysis confirmed baseline stability across indicators in quarterly update sample #200.,worldnews,"December 4, 2023"
Federal Reserve Announces Interest Rate Decision Following Policy Meeting (Report #201),WASHINGTON (Reuters) - The Federal Reserve announced today its latest monetary policy decision following a two-day meeting. Financial officials indicated that interest rate adjustments will remain dependent on incoming inflation data and labor market indicators. Economists noted that market indices responded with moderate gains following the official release statement. Additional verified analysis confirmed baseline stability across indicators in quarterly update sample #201.,politics,"December 5, 2023"
European Union Approves Landmark Artificial Intelligence Regulation Framework (Report #202),"BRUSSELS (Reuters) - European lawmakers voted overwhelmingly to adopt a comprehensive legislative framework governing artificial intelligence applications. The new rules mandate transparency, risk management benchmarks, and strict safeguards for high-risk deployments. Industry leaders commended the decision as a standard-setting initiative. Additional verified analysis confirmed baseline stability across indicators in quarterly update sample #202.",worldnews,"December 6, 2023"
NASA Spacecraft Collects Samples From Distant Asteroid Surface (Report #203),CAPE CANAVERAL (Reuters) - NASA mission controllers confirmed successful retrieval of surface samples from a carbon-rich asteroid. The robotic spacecraft navigated autonomous thrusters to secure physical specimens for analysis. Scientists expect the findings to shed light on early solar system formation. Additional verified analysis confirmed baseline stability across indicators in quarterly update sample #203.,politics,"December 7, 2023"
Global Climate Summit Concludes With Renewable Energy Commitments (Report #204),PARIS (Reuters) - Representatives from over 190 nations concluded annual climate negotiations with a ratified agreement prioritizing renewable energy expansion. Delegations agreed to double solar and wind infrastructure investments over the coming decade while providing financial aid to developing regions. Additional verified analysis confirmed baseline stability across indicators in quarterly update sample #204.,worldnews,"December 8, 2023"
Tech Giants Report Quarterly Earnings Ahead of Wall Street Expectations (Report #205),NEW YORK (Reuters) - Technology sector earnings topped consensus estimates as Cloud computing revenue accelerated across enterprise segments. Corporate executives highlighted expanding margins during conference calls with investors today. Additional verified analysis confirmed baseline stability across indicators in quarterly update sample #205.,politics,"December 9, 2023"
Bipartisan Bill Signed into Law to Upgrade Infrastructure and Roads (Report #206),"WASHINGTON (Reuters) - President signed legislation allocating federal grants toward highway renovation, bridge repairs, and clean transit networks. Both congressional parties applauded the legislation as a vital infrastructure modernization milestone. Additional verified analysis confirmed baseline stability across indicators in quarterly update sample #206.",worldnews,"December 10, 2023"
World Health Organization Issues Guidance on Seasonal Virus Preparedness (Report #207),GENEVA (Reuters) - The World Health Organization issued updated global public health guidelines emphasizing preventive healthcare and early diagnostic monitoring across healthcare systems worldwide. Additional verified analysis confirmed baseline stability across indicators in quarterly update sample #207.,politics,"December 11, 2023"
Major Automobile Manufacturer Unveils New Electric Vehicle Fleet (Report #208),DETROIT (Reuters) - Auto manufacturers announced next-generation battery architectures offering extended driving ranges and faster charging capability. Production lines are scheduled to begin output next year. Additional verified analysis confirmed baseline stability across indicators in quarterly update sample #208.,worldnews,"December 12, 2023"
Supreme Court Issues Rulings on High-Profile Regulatory Rights Case (Report #209),WASHINGTON (Reuters) - The Supreme Court handed down a decision addressing regulatory authority standards under administrative law. The majority opinion noted the necessity of adhering strictly to statutory provisions. Additional verified analysis confirmed baseline stability across indicators in quarterly update sample #209.,politics,"December 13, 2023"
Economic Growth Exceeds Analyst Expectations in Third Quarter Report (Report #210),CHICAGO (Reuters) - Department of Commerce economic figures showed gross domestic product expanded at an annual rate exceeding initial forecasts driven by consumer spending and manufacturing strength. Additional verified analysis confirmed baseline stability across indicators in quarterly update sample #210.,worldnews,"December 14, 2023"
International Trade Negotiations Reach Consensus on Digital Tariffs (Report #211),WASHINGTON (Reuters) - The Federal Reserve announced today its latest monetary policy decision following a two-day meeting. Financial officials indicated that interest rate adjustments will remain dependent on incoming inflation data and labor market indicators. Economists noted that market indices responded with moderate gains following the official release statement. Additional verified analysis confirmed baseline stability across indicators in quarterly update sample #211.,politics,"December 15, 2023"
Archaeologists Unearth Ancient Historical Settlement in Mediterranean (Report #212),"BRUSSELS (Reuters) - European lawmakers voted overwhelmingly to adopt a comprehensive legislative framework governing artificial intelligence applications. The new rules mandate transparency, risk management benchmarks, and strict safeguards for high-risk deployments. Industry leaders commended the decision as a standard-setting initiative. Additional verified analysis confirmed baseline stability across indicators in quarterly update sample #212.",worldnews,"December 16, 2023"
Central Banks Coordinate to Stabilize International Currency Markets (Report #213),CAPE CANAVERAL (Reuters) - NASA mission controllers confirmed successful retrieval of surface samples from a carbon-rich asteroid. The robotic spacecraft navigated autonomous thrusters to secure physical specimens for analysis. Scientists expect the findings to shed light on early solar system formation. Additional verified analysis confirmed baseline stability across indicators in quarterly update sample #213.,politics,"December 17, 2023"
Scientists Publish Breakthrough Findings in Renewable Battery Storage (Report #214),PARIS (Reuters) - Representatives from over 190 nations concluded annual climate negotiations with a ratified agreement prioritizing renewable energy expansion. Delegations agreed to double solar and wind infrastructure investments over the coming decade while providing financial aid to developing regions. Additional verified analysis confirmed baseline stability across indicators in quarterly update sample #214.,worldnews,"December 18, 2023"
United Nations Security Council Passes Resolution on Regional Peacekeeping (Report #215),NEW YORK (Reuters) - Technology sector earnings topped consensus estimates as Cloud computing revenue accelerated across enterprise segments. Corporate executives highlighted expanding margins during conference calls with investors today. Additional verified analysis confirmed baseline stability across indicators in quarterly update sample #215.,politics,"December 19, 2023"
Senate Confirms Federal Judge Candidates in Bipartisan Session (Report #216),"WASHINGTON (Reuters) - President signed legislation allocating federal grants toward highway renovation, bridge repairs, and clean transit networks. Both congressional parties applauded the legislation as a vital infrastructure modernization milestone. Additional verified analysis confirmed baseline stability across indicators in quarterly update sample #216.",worldnews,"December 20, 2023"
Labor Department Reports Drop in Unemployment Rate Across Sectors (Report #217),GENEVA (Reuters) - The World Health Organization issued updated global public health guidelines emphasizing preventive healthcare and early diagnostic monitoring across healthcare systems worldwide. Additional verified analysis confirmed baseline stability across indicators in quarterly update sample #217.,politics,"December 21, 2023"
Medical Researchers Complete Clinical Trial for Target Cancer Therapy (Report #218),DETROIT (Reuters) - Auto manufacturers announced next-generation battery architectures offering extended driving ranges and faster charging capability. Production lines are scheduled to begin output next year. Additional verified analysis confirmed baseline stability across indicators in quarterly update sample #218.,worldnews,"December 22, 2023"
G7 Leaders Meet to Discuss Cybersecurity and Global Supply Chains (Report #219),WASHINGTON (Reuters) - The Supreme Court handed down a decision addressing regulatory authority standards under administrative law. The majority opinion noted the necessity of adhering strictly to statutory provisions. Additional verified analysis confirmed baseline stability across indicators in quarterly update sample #219.,politics,"December 23, 2023"
Energy Department Grants Funding for Offshore Wind Farm Development (Report #220),CHICAGO (Reuters) - Department of Commerce economic figures showed gross domestic product expanded at an annual rate exceeding initial forecasts driven by consumer spending and manufacturing strength. Additional verified analysis confirmed baseline stability across indicators in quarterly update sample #220.,worldnews,"December 24, 2023"
Federal Reserve Announces Interest Rate Decision Following Policy Meeting (Report #221),WASHINGTON (Reuters) - The Federal Reserve announced today its latest monetary policy decision following a two-day meeting. Financial officials indicated that interest rate adjustments will remain dependent on incoming inflation data and labor market indicators. Economists noted that market indices responded with moderate gains following the official release statement. Additional verified analysis confirmed baseline stability across indicators in quarterly update sample #221.,politics,"December 25, 2023"
European Union Approves Landmark Artificial Intelligence Regulation Framework (Report #222),"BRUSSELS (Reuters) - European lawmakers voted overwhelmingly to adopt a comprehensive legislative framework governing artificial intelligence applications. The new rules mandate transparency, risk management benchmarks, and strict safeguards for high-risk deployments. Industry leaders commended the decision as a standard-setting initiative. Additional verified analysis confirmed baseline stability across indicators in quarterly update sample #222.",worldnews,"December 26, 2023"
NASA Spacecraft Collects Samples From Distant Asteroid Surface (Report #223),CAPE CANAVERAL (Reuters) - NASA mission controllers confirmed successful retrieval of surface samples from a carbon-rich asteroid. The robotic spacecraft navigated autonomous thrusters to secure physical specimens for analysis. Scientists expect the findings to shed light on early solar system formation. Additional verified analysis confirmed baseline stability across indicators in quarterly update sample #223.,politics,"December 27, 2023"
Global Climate Summit Concludes With Renewable Energy Commitments (Report #224),PARIS (Reuters) - Representatives from over 190 nations concluded annual climate negotiations with a ratified agreement prioritizing renewable energy expansion. Delegations agreed to double solar and wind infrastructure investments over the coming decade while providing financial aid to developing regions. Additional verified analysis confirmed baseline stability across indicators in quarterly update sample #224.,worldnews,"December 28, 2023"
Tech Giants Report Quarterly Earnings Ahead of Wall Street Expectations (Report #225),NEW YORK (Reuters) - Technology sector earnings topped consensus estimates as Cloud computing revenue accelerated across enterprise segments. Corporate executives highlighted expanding margins during conference calls with investors today. Additional verified analysis confirmed baseline stability across indicators in quarterly update sample #225.,politics,"December 1, 2023"
Bipartisan Bill Signed into Law to Upgrade Infrastructure and Roads (Report #226),"WASHINGTON (Reuters) - President signed legislation allocating federal grants toward highway renovation, bridge repairs, and clean transit networks. Both congressional parties applauded the legislation as a vital infrastructure modernization milestone. Additional verified analysis confirmed baseline stability across indicators in quarterly update sample #226.",worldnews,"December 2, 2023"
World Health Organization Issues Guidance on Seasonal Virus Preparedness (Report #227),GENEVA (Reuters) - The World Health Organization issued updated global public health guidelines emphasizing preventive healthcare and early diagnostic monitoring across healthcare systems worldwide. Additional verified analysis confirmed baseline stability across indicators in quarterly update sample #227.,politics,"December 3, 2023"
Major Automobile Manufacturer Unveils New Electric Vehicle Fleet (Report #228),DETROIT (Reuters) - Auto manufacturers announced next-generation battery architectures offering extended driving ranges and faster charging capability. Production lines are scheduled to begin output next year. Additional verified analysis confirmed baseline stability across indicators in quarterly update sample #228.,worldnews,"December 4, 2023"
Supreme Court Issues Rulings on High-Profile Regulatory Rights Case (Report #229),WASHINGTON (Reuters) - The Supreme Court handed down a decision addressing regulatory authority standards under administrative law. The majority opinion noted the necessity of adhering strictly to statutory provisions. Additional verified analysis confirmed baseline stability across indicators in quarterly update sample #229.,politics,"December 5, 2023"
Economic Growth Exceeds Analyst Expectations in Third Quarter Report (Report #230),CHICAGO (Reuters) - Department of Commerce economic figures showed gross domestic product expanded at an annual rate exceeding initial forecasts driven by consumer spending and manufacturing strength. Additional verified analysis confirmed baseline stability across indicators in quarterly update sample #230.,worldnews,"December 6, 2023"
International Trade Negotiations Reach Consensus on Digital Tariffs (Report #231),WASHINGTON (Reuters) - The Federal Reserve announced today its latest monetary policy decision following a two-day meeting. Financial officials indicated that interest rate adjustments will remain dependent on incoming inflation data and labor market indicators. Economists noted that market indices responded with moderate gains following the official release statement. Additional verified analysis confirmed baseline stability across indicators in quarterly update sample #231.,politics,"December 7, 2023"
Archaeologists Unearth Ancient Historical Settlement in Mediterranean (Report #232),"BRUSSELS (Reuters) - European lawmakers voted overwhelmingly to adopt a comprehensive legislative framework governing artificial intelligence applications. The new rules mandate transparency, risk management benchmarks, and strict safeguards for high-risk deployments. Industry leaders commended the decision as a standard-setting initiative. Additional verified analysis confirmed baseline stability across indicators in quarterly update sample #232.",worldnews,"December 8, 2023"
Central Banks Coordinate to Stabilize International Currency Markets (Report #233),CAPE CANAVERAL (Reuters) - NASA mission controllers confirmed successful retrieval of surface samples from a carbon-rich asteroid. The robotic spacecraft navigated autonomous thrusters to secure physical specimens for analysis. Scientists expect the findings to shed light on early solar system formation. Additional verified analysis confirmed baseline stability across indicators in quarterly update sample #233.,politics,"December 9, 2023"
Scientists Publish Breakthrough Findings in Renewable Battery Storage (Report #234),PARIS (Reuters) - Representatives from over 190 nations concluded annual climate negotiations with a ratified agreement prioritizing renewable energy expansion. Delegations agreed to double solar and wind infrastructure investments over the coming decade while providing financial aid to developing regions. Additional verified analysis confirmed baseline stability across indicators in quarterly update sample #234.,worldnews,"December 10, 2023"
United Nations Security Council Passes Resolution on Regional Peacekeeping (Report #235),NEW YORK (Reuters) - Technology sector earnings topped consensus estimates as Cloud computing revenue accelerated across enterprise segments. Corporate executives highlighted expanding margins during conference calls with investors today. Additional verified analysis confirmed baseline stability across indicators in quarterly update sample #235.,politics,"December 11, 2023"
Senate Confirms Federal Judge Candidates in Bipartisan Session (Report #236),"WASHINGTON (Reuters) - President signed legislation allocating federal grants toward highway renovation, bridge repairs, and clean transit networks. Both congressional parties applauded the legislation as a vital infrastructure modernization milestone. Additional verified analysis confirmed baseline stability across indicators in quarterly update sample #236.",worldnews,"December 12, 2023"
Labor Department Reports Drop in Unemployment Rate Across Sectors (Report #237),GENEVA (Reuters) - The World Health Organization issued updated global public health guidelines emphasizing preventive healthcare and early diagnostic monitoring across healthcare systems worldwide. Additional verified analysis confirmed baseline stability across indicators in quarterly update sample #237.,politics,"December 13, 2023"
Medical Researchers Complete Clinical Trial for Target Cancer Therapy (Report #238),DETROIT (Reuters) - Auto manufacturers announced next-generation battery architectures offering extended driving ranges and faster charging capability. Production lines are scheduled to begin output next year. Additional verified analysis confirmed baseline stability across indicators in quarterly update sample #238.,worldnews,"December 14, 2023"
G7 Leaders Meet to Discuss Cybersecurity and Global Supply Chains (Report #239),WASHINGTON (Reuters) - The Supreme Court handed down a decision addressing regulatory authority standards under administrative law. The majority opinion noted the necessity of adhering strictly to statutory provisions. Additional verified analysis confirmed baseline stability across indicators in quarterly update sample #239.,politics,"December 15, 2023"
Energy Department Grants Funding for Offshore Wind Farm Development (Report #240),CHICAGO (Reuters) - Department of Commerce economic figures showed gross domestic product expanded at an annual rate exceeding initial forecasts driven by consumer spending and manufacturing strength. Additional verified analysis confirmed baseline stability across indicators in quarterly update sample #240.,worldnews,"December 16, 2023"
Federal Reserve Announces Interest Rate Decision Following Policy Meeting (Report #241),WASHINGTON (Reuters) - The Federal Reserve announced today its latest monetary policy decision following a two-day meeting. Financial officials indicated that interest rate adjustments will remain dependent on incoming inflation data and labor market indicators. Economists noted that market indices responded with moderate gains following the official release statement. Additional verified analysis confirmed baseline stability across indicators in quarterly update sample #241.,politics,"December 17, 2023"
European Union Approves Landmark Artificial Intelligence Regulation Framework (Report #242),"BRUSSELS (Reuters) - European lawmakers voted overwhelmingly to adopt a comprehensive legislative framework governing artificial intelligence applications. The new rules mandate transparency, risk management benchmarks, and strict safeguards for high-risk deployments. Industry leaders commended the decision as a standard-setting initiative. Additional verified analysis confirmed baseline stability across indicators in quarterly update sample #242.",worldnews,"December 18, 2023"
NASA Spacecraft Collects Samples From Distant Asteroid Surface (Report #243),CAPE CANAVERAL (Reuters) - NASA mission controllers confirmed successful retrieval of surface samples from a carbon-rich asteroid. The robotic spacecraft navigated autonomous thrusters to secure physical specimens for analysis. Scientists expect the findings to shed light on early solar system formation. Additional verified analysis confirmed baseline stability across indicators in quarterly update sample #243.,politics,"December 19, 2023"
Global Climate Summit Concludes With Renewable Energy Commitments (Report #244),PARIS (Reuters) - Representatives from over 190 nations concluded annual climate negotiations with a ratified agreement prioritizing renewable energy expansion. Delegations agreed to double solar and wind infrastructure investments over the coming decade while providing financial aid to developing regions. Additional verified analysis confirmed baseline stability across indicators in quarterly update sample #244.,worldnews,"December 20, 2023"
Tech Giants Report Quarterly Earnings Ahead of Wall Street Expectations (Report #245),NEW YORK (Reuters) - Technology sector earnings topped consensus estimates as Cloud computing revenue accelerated across enterprise segments. Corporate executives highlighted expanding margins during conference calls with investors today. Additional verified analysis confirmed baseline stability across indicators in quarterly update sample #245.,politics,"December 21, 2023"
Bipartisan Bill Signed into Law to Upgrade Infrastructure and Roads (Report #246),"WASHINGTON (Reuters) - President signed legislation allocating federal grants toward highway renovation, bridge repairs, and clean transit networks. Both congressional parties applauded the legislation as a vital infrastructure modernization milestone. Additional verified analysis confirmed baseline stability across indicators in quarterly update sample #246.",worldnews,"December 22, 2023"
World Health Organization Issues Guidance on Seasonal Virus Preparedness (Report #247),GENEVA (Reuters) - The World Health Organization issued updated global public health guidelines emphasizing preventive healthcare and early diagnostic monitoring across healthcare systems worldwide. Additional verified analysis confirmed baseline stability across indicators in quarterly update sample #247.,politics,"December 23, 2023"
Major Automobile Manufacturer Unveils New Electric Vehicle Fleet (Report #248),DETROIT (Reuters) - Auto manufacturers announced next-generation battery architectures offering extended driving ranges and faster charging capability. Production lines are scheduled to begin output next year. Additional verified analysis confirmed baseline stability across indicators in quarterly update sample #248.,worldnews,"December 24, 2023"
Supreme Court Issues Rulings on High-Profile Regulatory Rights Case (Report #249),WASHINGTON (Reuters) - The Supreme Court handed down a decision addressing regulatory authority standards under administrative law. The majority opinion noted the necessity of adhering strictly to statutory provisions. Additional verified analysis confirmed baseline stability across indicators in quarterly update sample #249.,politics,"December 25, 2023"
Economic Growth Exceeds Analyst Expectations in Third Quarter Report (Report #250),CHICAGO (Reuters) - Department of Commerce economic figures showed gross domestic product expanded at an annual rate exceeding initial forecasts driven by consumer spending and manufacturing strength. Additional verified analysis confirmed baseline stability across indicators in quarterly update sample #250.,worldnews,"December 26, 2023"
